customer_id,credit_score,monthly_income,loan_amount,monthly_emi,outstanding_amount,overdue_amount,emi_delay_count,previous_payment_delays,complaint_count,negative_sentiment_count,transaction_count,transaction_anomaly_count,employment_type,default_next_90_days
C0001,719,45746,539000,15600,148100,18600,1,4,2,0,49,0,Salaried,0
C0002,598,57361,373000,9500,192000,0,0,0,0,0,47,0,Salaried,0
C0003,631,78725,328000,9900,164700,23200,2,2,2,1,48,3,Business Owner,1
C0004,599,22211,139000,4500,60500,10300,2,2,0,0,63,2,Self-Employed,1
C0005,612,41998,561000,16500,232700,19200,1,3,1,1,105,0,Self-Employed,1
C0006,566,82557,752000,25300,262800,74900,3,4,0,0,46,2,Self-Employed,1
C0007,623,41613,239000,6300,192300,0,0,0,0,0,37,0,Salaried,0
C0008,697,20000,229000,5800,212400,0,0,0,0,0,46,0,Salaried,0
C0009,664,56998,270000,7400,253400,16600,2,3,2,1,36,0,Freelance,1
C0010,816,75871,243000,6700,80500,0,0,0,1,1,30,1,Salaried,0
C0011,745,26491,339000,9600,194500,9600,1,4,5,0,49,0,Salaried,1
C0012,693,26677,302000,9000,99500,0,0,0,0,0,62,0,Salaried,0
C0013,660,33628,208000,4900,193100,0,0,1,0,0,94,0,Self-Employed,0
C0014,602,79904,263000,7800,76700,0,0,1,1,0,42,1,Self-Employed,0
C0015,643,72296,551000,18100,222300,39300,2,5,1,1,27,0,Salaried,1
C0016,704,55748,778000,21500,428800,0,0,0,1,1,31,0,Self-Employed,1
C0017,850,20000,129000,3700,22500,11700,3,4,2,0,45,1,Freelance,1
C0018,517,53810,675000,16200,338300,15300,1,5,1,1,83,0,Self-Employed,1
C0019,781,34412,109000,2400,20400,10100,4,6,1,1,72,0,Freelance,1
C0020,684,158577,2106000,62900,590400,135300,2,2,3,1,42,3,Business Owner,1
C0021,702,35905,138000,3400,114000,11300,3,4,4,0,58,3,Salaried,1
C0022,782,36468,259000,8800,216700,0,0,0,1,1,35,1,Self-Employed,0
C0023,658,36078,520000,17800,316600,0,0,0,0,0,65,0,Freelance,0
C0024,679,31299,116000,3300,58400,0,0,0,0,0,56,0,Business Owner,0
C0025,645,54280,698000,21400,150100,122400,5,6,4,2,39,1,Business Owner,1
C0026,781,72072,721000,24800,324400,89600,4,5,1,1,53,1,Self-Employed,1
C0027,645,124241,1308000,37600,1139200,36000,1,5,1,1,51,0,Self-Employed,1
C0028,608,62690,873000,28200,794300,0,0,0,0,0,66,2,Business Owner,1
C0029,542,96465,1412000,46100,1158800,53400,1,2,7,1,47,0,Salaried,1
C0030,557,92859,405000,12200,229300,0,0,0,1,0,40,0,Salaried,1
C0031,731,97179,1113000,25800,288400,30200,1,3,2,1,14,0,Freelance,0
C0032,514,46884,497000,11700,104700,11000,1,1,1,1,27,0,Salaried,1
C0033,637,32976,169000,3600,41700,0,0,0,0,0,43,0,Business Owner,0
C0034,748,35947,431000,9800,136800,0,0,0,0,0,74,0,Business Owner,0
C0035,726,57275,524000,14700,123500,0,0,0,0,0,41,0,Business Owner,0
C0036,618,41134,563000,16300,390300,0,0,0,0,0,72,0,Salaried,0
C0037,609,24553,264000,7500,114800,0,0,0,0,0,36,0,Freelance,0
C0038,613,37324,514000,10900,292800,55600,5,5,4,3,61,0,Salaried,1
C0039,702,20000,118000,2600,75300,5400,2,2,1,1,63,0,Freelance,0
C0040,722,100788,873000,22900,374600,0,0,0,1,0,46,0,Salaried,0
C0041,707,39897,216000,4900,60800,0,0,0,0,0,40,0,Business Owner,0
C0042,625,20000,132000,4100,72900,19200,4,5,1,1,51,1,Business Owner,1
C0043,694,55498,268000,6600,93500,0,0,0,0,0,38,0,Self-Employed,0
C0044,782,39248,188000,4400,136800,0,0,0,1,0,25,1,Salaried,0
C0045,608,20000,287000,6400,177600,0,0,0,0,0,77,1,Salaried,0
C0046,700,27725,285000,7500,210700,0,0,1,0,0,46,0,Self-Employed,0
C0047,667,39599,500000,10000,208400,0,0,0,1,0,38,0,Business Owner,0
C0048,660,42771,384000,10100,338600,22200,2,3,2,1,45,1,Salaried,1
C0049,617,68674,946000,21800,286200,49400,2,3,2,1,38,2,Self-Employed,1
C0050,567,33226,356000,9300,60600,27000,3,4,1,0,46,0,Salaried,1
C0051,651,43712,259000,8000,216200,0,0,0,0,0,55,0,Freelance,0
C0052,706,26224,211000,7000,169600,7600,1,3,2,0,62,0,Business Owner,0
C0053,850,68605,418000,9200,341900,0,0,0,0,0,48,0,Freelance,0
C0054,762,62087,340000,6900,88200,0,0,1,0,0,26,1,Business Owner,0
C0055,710,20000,71000,1600,52600,3200,2,3,2,1,53,1,Self-Employed,1
C0056,633,52104,467000,13500,194900,0,0,0,0,0,80,0,Business Owner,0
C0057,719,63978,725000,17500,451100,0,0,0,1,1,48,1,Business Owner,0
C0058,724,84152,952000,31200,332900,0,0,0,2,0,59,0,Self-Employed,0
C0059,715,44062,646000,22100,342000,0,0,0,0,0,19,0,Business Owner,0
C0060,596,92870,1086000,22800,436800,0,0,0,0,0,49,0,Salaried,1
C0061,686,83511,1192000,38100,1130400,124400,3,4,4,1,39,0,Self-Employed,1
C0062,525,26803,299000,7000,272100,0,0,0,0,0,24,2,Self-Employed,1
C0063,693,62706,645000,17900,215800,20300,1,1,1,1,70,0,Self-Employed,1
C0064,635,67269,382000,10700,238500,0,0,0,1,0,50,0,Freelance,0
C0065,665,32887,246000,5900,179300,0,0,0,0,0,5,0,Freelance,0
C0066,785,27836,272000,6500,232000,0,0,0,2,1,63,0,Business Owner,0
C0067,650,32312,385000,8600,309700,0,0,0,0,0,48,0,Self-Employed,0
C0068,731,144585,1787000,38600,1356000,0,0,1,0,0,48,0,Business Owner,0
C0069,650,53493,534000,13500,345400,60900,4,7,0,0,42,2,Salaried,1
C0070,543,40004,599000,15800,306200,43800,3,4,2,1,56,1,Self-Employed,1
C0071,557,34684,514000,13400,444800,14700,1,1,2,1,51,0,Salaried,0
C0072,731,95280,436000,8900,386600,0,0,0,0,0,51,0,Business Owner,0
C0073,620,48671,486000,11700,383000,21600,2,2,2,0,59,2,Freelance,1
C0074,602,47865,283000,9800,74700,0,0,0,1,0,48,0,Business Owner,0
C0075,599,42593,418000,12700,330400,13900,1,1,1,1,77,1,Salaried,0
C0076,633,84499,1080000,22900,935100,0,0,0,0,0,76,0,Self-Employed,1
C0077,627,38486,518000,12100,482100,13500,1,4,3,0,35,0,Business Owner,1
C0078,767,46380,544000,16900,266800,0,0,0,1,1,75,0,Self-Employed,0
C0079,666,76254,482000,13900,424100,31000,2,4,1,0,44,0,Freelance,1
C0080,741,20000,146000,4200,41000,0,0,1,0,0,64,0,Freelance,0
C0081,555,42778,166000,3700,93900,12000,3,4,1,0,39,2,Freelance,1
C0082,762,55237,302000,6500,110500,12200,2,3,2,1,47,2,Self-Employed,1
C0083,511,212963,2343000,51800,407600,171300,3,3,1,1,41,1,Business Owner,1
C0084,692,58834,528000,15500,446200,0,0,0,1,0,56,0,Self-Employed,0
C0085,704,33619,504000,10400,469600,0,0,1,1,0,40,0,Self-Employed,0
C0086,727,69604,875000,23200,703700,46300,2,2,1,1,17,0,Business Owner,1
C0087,693,34542,381000,11200,198400,44900,4,6,1,1,57,1,Freelance,1
C0088,659,59637,842000,17600,755700,17300,1,2,2,1,27,0,Freelance,1
C0089,724,30206,156000,4300,111900,9800,2,4,1,1,39,0,Business Owner,1
C0090,771,42173,582000,14700,197600,0,0,0,1,0,49,0,Self-Employed,0
C0091,721,33946,453000,10500,102600,21400,2,4,3,1,75,1,Self-Employed,0
C0092,725,110657,696000,14700,152100,0,0,0,0,0,34,0,Freelance,0
C0093,630,69611,660000,21900,442700,0,0,0,0,0,75,0,Salaried,1
C0094,724,50919,260000,7900,80800,0,0,0,0,0,68,0,Salaried,0
C0095,637,24256,117000,4100,104300,0,0,0,0,0,48,0,Salaried,0
C0096,736,79090,272000,6700,98100,0,0,0,1,0,25,0,Self-Employed,0
C0097,679,74551,1111000,36400,352000,0,0,0,1,1,55,0,Self-Employed,1
C0098,584,41088,466000,11700,433600,0,0,0,0,0,89,0,Freelance,0
C0099,477,50613,241000,6100,49300,6100,1,4,2,1,72,0,Salaried,1
C0100,662,103296,382000,13300,75000,0,0,1,0,0,38,0,Freelance,0
C0101,681,34051,509000,16400,326900,38200,2,4,1,1,54,2,Freelance,1
C0102,633,20000,65000,1600,49300,2900,2,2,4,0,9,2,Freelance,1
C0103,584,48047,331000,10300,175700,11400,1,6,1,1,43,0,Business Owner,1
C0104,702,73112,758000,15900,428100,44100,3,5,1,0,30,0,Salaried,1
C0105,734,87457,457000,10300,104500,0,0,0,0,0,62,0,Salaried,0
C0106,654,43242,449000,14200,298600,0,0,0,2,1,72,0,Business Owner,0
C0107,650,32221,456000,10700,204200,10000,1,3,2,0,50,0,Business Owner,0
C0108,747,32636,278000,9100,203700,0,0,0,0,0,52,0,Salaried,0
C0109,779,49544,584000,16400,363400,0,0,0,0,0,50,0,Business Owner,0
C0110,659,48542,289000,8900,272700,9500,1,2,2,1,42,0,Freelance,1
C0111,617,67787,983000,25100,404500,28000,1,4,3,1,17,0,Self-Employed,1
C0112,635,176151,1886000,39600,1158000,0,0,0,0,0,33,0,Freelance,0
C0113,769,35431,407000,13000,229500,0,0,0,0,0,43,0,Salaried,0
C0114,598,123877,1317000,41900,322200,135300,3,4,1,1,47,0,Business Owner,0
C0115,642,22084,298000,9700,89100,0,0,0,0,0,48,0,Self-Employed,0
C0116,752,72334,355000,10300,91700,0,0,0,1,0,27,0,Salaried,0
C0117,612,30902,374000,10000,288500,18400,2,2,1,1,58,0,Business Owner,1
C0118,685,63447,904000,18800,438500,54100,3,5,3,1,37,0,Self-Employed,1
C0119,761,185644,813000,26700,592100,83100,3,4,1,1,76,1,Self-Employed,1
C0120,791,50438,429000,8900,334200,8900,1,1,2,2,50,0,Business Owner,1
C0121,675,33930,472000,13300,258800,28100,2,6,2,2,46,0,Self-Employed,1
C0122,628,82041,1090000,36600,405000,0,0,0,0,0,50,0,Salaried,0
C0123,621,54275,738000,23700,409000,0,0,0,1,0,23,0,Business Owner,0
C0124,823,54829,750000,15900,551400,66200,4,7,2,2,54,2,Freelance,1
C0125,634,39920,286000,7700,214200,0,0,0,0,0,45,0,Salaried,0
C0126,775,27981,107000,2400,89300,8000,3,4,1,0,54,2,Salaried,1
C0127,730,85378,523000,17600,359100,0,0,0,0,0,47,0,Business Owner,0
C0128,664,30598,107000,3300,94600,15100,4,6,0,0,35,2,Business Owner,1
C0129,709,122895,511000,12100,81700,0,0,0,0,0,63,0,Self-Employed,0
C0130,714,76846,778000,26000,232000,27900,1,2,3,2,62,1,Salaried,1
C0131,463,68798,468000,12400,359900,0,0,1,0,0,66,0,Self-Employed,1
C0132,602,49765,379000,10400,254600,0,0,0,1,0,43,0,Salaried,0
C0133,662,20000,107000,3100,40100,5600,2,2,1,0,64,1,Salaried,1
C0134,710,44790,348000,7400,224000,8200,1,3,1,0,20,0,Freelance,0
C0135,741,105415,708000,22900,647100,0,0,0,0,0,74,0,Salaried,0
C0136,507,34215,152000,4000,114100,4000,1,4,1,1,46,0,Self-Employed,1
C0137,544,35497,314000,9000,58100,20800,2,4,3,1,70,2,Self-Employed,1
C0138,669,73526,502000,14400,224400,0,0,0,1,0,25,1,Freelance,0
C0139,784,98502,698000,14700,333400,0,0,0,0,0,79,0,Self-Employed,0
C0140,680,38644,563000,14500,102000,13200,1,1,2,1,43,1,Business Owner,1
C0141,556,23315,165000,4600,45100,0,0,0,1,0,25,0,Freelance,0
C0142,579,31808,464000,13200,198500,0,0,0,0,0,5,2,Self-Employed,0
C0143,768,130505,1364000,31400,635800,74700,2,3,4,1,33,2,Self-Employed,1
C0144,670,27274,403000,11000,338900,0,0,0,0,0,34,0,Business Owner,0
C0145,764,54809,809000,21100,656900,0,0,0,1,0,41,0,Freelance,0
C0146,727,20000,210000,7100,34700,0,0,0,1,0,27,0,Business Owner,0
C0147,756,63357,414000,8400,306500,0,0,0,0,0,57,0,Freelance,0
C0148,618,54497,482000,10200,229400,11700,1,2,1,1,45,0,Freelance,0
C0149,551,33477,194000,4700,153800,0,0,0,1,0,56,2,Salaried,0
C0150,788,25478,114000,3800,63000,0,0,0,0,0,25,0,Self-Employed,0
C0151,698,97231,899000,19900,692500,43300,2,3,0,0,45,0,Self-Employed,1
C0152,653,52976,693000,13900,240800,0,0,0,0,0,58,0,Salaried,0
C0153,667,78628,1094000,28100,1007900,61200,2,3,1,0,62,3,Business Owner,1
C0154,687,54103,356000,7700,276100,0,0,0,0,0,19,0,Salaried,0
C0155,639,45529,556000,14600,449100,0,0,0,0,0,40,0,Self-Employed,0
C0156,620,39775,430000,13400,173100,0,0,0,1,1,35,0,Self-Employed,0
C0157,739,37926,120000,3100,50400,3200,1,2,2,2,23,0,Salaried,0
C0158,715,49503,223000,4500,170800,0,0,0,0,0,62,0,Salaried,0
C0159,759,24941,366000,12000,61800,0,0,0,1,0,37,0,Salaried,0
C0160,813,46454,403000,8400,369200,0,0,0,1,1,22,0,Self-Employed,0
C0161,782,64786,644000,14300,514500,0,0,0,1,0,40,0,Salaried,0
C0162,654,52885,252000,5100,165000,0,0,0,1,0,81,0,Salaried,0
C0163,665,97384,931000,24700,172300,22600,1,1,4,1,16,0,Business Owner,1
C0164,695,35207,520000,11900,407700,0,0,1,1,1,43,0,Salaried,0
C0165,791,88224,437000,12400,335300,0,0,0,0,0,22,0,Self-Employed,0
C0166,642,55990,456000,9300,243800,0,0,0,0,0,20,0,Business Owner,0
C0167,688,65766,479000,15200,168000,0,0,0,0,0,45,0,Freelance,0
C0168,647,69089,995000,28600,496800,0,0,0,1,0,41,0,Self-Employed,0
C0169,563,48725,492000,11200,204300,0,0,0,0,0,45,0,Self-Employed,0
C0170,641,79131,896000,28300,603700,116300,4,5,0,0,57,0,Freelance,0
C0171,621,29389,195000,4600,29500,0,0,1,0,0,56,0,Self-Employed,0
C0172,775,30013,384000,8700,171600,0,0,0,2,0,34,0,Freelance,0
C0173,718,36875,369000,12700,67900,28600,2,3,0,0,55,2,Freelance,1
C0174,654,120283,1690000,51400,1239100,0,0,0,1,0,52,0,Self-Employed,0
C0175,679,68485,518000,11600,403500,0,0,0,0,0,17,0,Salaried,0
C0176,720,50256,182000,5000,131900,0,0,0,1,0,36,0,Salaried,0
C0177,764,66736,401000,11800,243600,0,0,1,0,0,46,0,Freelance,0
C0178,779,22981,161000,5000,76300,16600,3,4,1,1,65,0,Business Owner,1
C0179,646,55834,354000,8500,175400,0,0,0,0,0,72,0,Freelance,0
C0180,591,21362,132000,3000,70800,2800,1,4,2,2,66,0,Freelance,1
C0181,732,22736,305000,10400,71600,44800,4,6,3,1,55,0,Freelance,1
C0182,725,29441,433000,9300,67800,0,0,0,2,0,75,0,Salaried,0
C0183,805,93450,552000,17000,123200,66300,4,5,1,0,43,1,Salaried,1
C0184,633,55254,797000,26000,632900,0,0,1,0,0,70,0,Salaried,0
C0185,665,35962,505000,14500,293200,15800,1,4,2,1,35,0,Freelance,1
C0186,682,20000,73000,2000,65100,5700,3,5,0,0,54,2,Business Owner,1
C0187,624,57814,374000,9200,130900,0,0,0,0,0,53,0,Salaried,0
C0188,669,57753,419000,11600,378300,0,0,0,0,0,19,1,Self-Employed,0
C0189,693,53227,638000,17000,407300,37700,2,2,1,0,47,0,Self-Employed,1
C0190,657,60626,440000,9500,144300,0,0,0,0,0,20,0,Self-Employed,0
C0191,761,139277,1113000,29400,648600,0,0,0,0,0,63,0,Freelance,0
C0192,700,30994,137000,3400,36200,0,0,0,0,0,5,0,Self-Employed,0
C0193,676,33439,325000,9600,227800,9600,1,6,2,2,67,1,Freelance,1
C0194,747,20000,292000,6100,195200,6100,1,4,1,1,34,0,Self-Employed,0
C0195,732,27754,244000,4900,193600,0,0,0,0,0,70,0,Business Owner,0
C0196,588,50445,558000,16400,415000,19100,1,6,2,2,33,0,Freelance,1
C0197,748,45325,412000,9400,87200,0,0,0,1,0,61,0,Self-Employed,0
C0198,566,85180,531000,12100,374700,27700,2,3,2,0,27,1,Salaried,1
C0199,653,62678,607000,12500,414900,57700,4,8,1,0,65,2,Freelance,1
C0200,672,38105,174000,3500,76300,0,0,0,0,0,56,0,Salaried,1
C0201,710,84583,826000,24300,695100,0,0,0,2,0,20,0,Salaried,0
C0202,663,64876,605000,14000,572600,0,0,0,1,0,43,0,Salaried,0
C0203,724,45243,227000,6200,159500,0,0,0,0,0,67,0,Salaried,0
C0204,838,37590,490000,11000,81000,0,0,0,1,0,45,0,Self-Employed,0
C0205,699,27570,174000,5900,107300,0,0,0,0,0,30,0,Self-Employed,0
C0206,706,73100,405000,13300,347800,46700,3,6,4,1,41,0,Freelance,1
C0207,665,22599,141000,3000,40000,17100,5,8,1,0,38,0,Freelance,1
C0208,649,57874,412000,13600,112900,31000,2,3,0,0,51,0,Freelance,1
C0209,673,32320,216000,7000,42200,0,0,0,1,0,53,0,Self-Employed,0
C0210,657,74800,400000,10900,297300,0,0,0,1,1,35,0,Freelance,0
C0211,700,26172,260000,7100,173100,15200,2,4,1,0,52,0,Salaried,0
C0212,685,61239,289000,7400,227800,0,0,0,0,0,54,0,Self-Employed,0
C0213,651,64180,395000,7900,334400,0,0,0,1,0,32,0,Freelance,0
C0214,627,33980,472000,12800,246900,0,0,0,0,0,35,0,Salaried,1
C0215,691,20000,208000,7000,116000,0,0,0,0,0,66,0,Freelance,1
C0216,555,42161,152000,4700,36400,0,0,0,0,0,36,0,Business Owner,1
C0217,621,71607,797000,22700,712000,26100,1,1,2,1,46,1,Freelance,1
C0218,806,80235,546000,17900,495600,0,0,0,0,0,62,0,Business Owner,0
C0219,592,25856,102000,2700,36600,8200,3,4,1,0,50,0,Freelance,0
C0220,686,20000,119000,3200,80900,0,0,0,0,0,27,0,Freelance,0
C0221,770,28193,176000,4000,52400,0,0,0,1,0,12,0,Self-Employed,0
C0222,570,132407,658000,14300,386500,0,0,0,1,1,79,1,Self-Employed,0
C0223,717,63144,269000,7700,140200,35400,5,5,2,2,49,0,Business Owner,1
C0224,527,31882,115000,2400,80900,2600,1,2,3,1,34,0,Self-Employed,1
C0225,558,20000,262000,6100,119200,0,0,0,0,0,52,0,Salaried,0
C0226,706,130429,442000,12000,210500,24600,2,5,0,0,57,1,Salaried,0
C0227,714,89198,667000,15900,156500,0,0,0,1,0,23,0,Business Owner,0
C0228,672,37621,189000,6300,112600,14700,2,4,4,2,74,2,Salaried,1
C0229,692,91803,1206000,31900,546600,0,0,0,1,0,57,0,Salaried,0
C0230,800,34680,248000,7500,197000,0,0,0,1,1,74,0,Freelance,0
C0231,576,65263,436000,12300,210900,12500,1,4,0,0,63,0,Self-Employed,1
C0232,719,40985,579000,15200,110300,32700,2,3,0,0,46,0,Salaried,0
C0233,541,58132,669000,16100,584300,33100,2,2,2,0,43,0,Salaried,0
C0234,447,40643,285000,7400,163600,14000,2,4,1,1,73,0,Self-Employed,1
C0235,721,41656,573000,14000,191400,0,0,0,1,0,38,0,Salaried,0
C0236,792,27699,173000,3700,163300,19200,5,10,2,1,38,3,Salaried,1
C0237,697,92914,1148000,23200,923800,104800,4,6,2,0,36,1,Self-Employed,1
C0238,809,77548,768000,20300,284700,0,0,0,1,0,30,0,Freelance,0
C0239,765,57683,204000,6300,86300,0,0,1,0,0,25,0,Salaried,0
C0240,760,26174,382000,7900,329400,0,0,0,0,0,48,0,Self-Employed,0
C0241,594,42625,493000,12000,281200,0,0,1,1,0,42,0,Salaried,0
C0242,732,27754,294000,8500,47900,0,0,0,0,0,29,0,Salaried,0
C0243,698,67727,287000,7500,210400,0,0,0,0,0,21,0,Freelance,0
C0244,728,195436,786000,22200,356800,0,0,0,0,0,33,0,Business Owner,0
C0245,793,20000,270000,9400,166400,0,0,0,0,0,66,0,Business Owner,0
C0246,606,57717,574000,17500,407800,0,0,1,0,0,23,0,Self-Employed,0
C0247,846,29514,390000,8900,97700,0,0,0,0,0,29,0,Business Owner,0
C0248,774,153154,889000,26300,716600,52200,2,3,5,1,55,1,Self-Employed,1
C0249,650,45352,553000,16900,229500,0,0,0,1,0,48,1,Business Owner,0
C0250,665,38285,347000,7800,234700,0,0,0,0,0,12,0,Freelance,0
C0251,637,53576,684000,23300,457600,0,0,0,0,0,12,0,Self-Employed,1
C0252,590,40972,484000,11200,95300,0,0,0,1,0,48,0,Business Owner,0
C0253,663,73273,480000,10600,130200,0,0,0,0,0,66,0,Freelance,0
C0254,767,60885,755000,18200,681500,81300,4,5,0,0,57,1,Business Owner,1
C0255,626,40073,332000,9800,151000,20200,2,4,0,0,49,2,Salaried,1
C0256,717,96096,766000,26300,446500,0,0,0,0,0,70,0,Salaried,0
C0257,632,55132,458000,10300,136300,10500,1,1,2,1,31,0,Freelance,0
C0258,761,53556,519000,17900,98100,19000,1,1,1,1,15,0,Salaried,0
C0259,705,52339,247000,6400,146700,6700,1,3,1,1,72,0,Salaried,1
C0260,653,44058,227000,7300,157100,0,0,0,1,0,66,2,Self-Employed,0
C0261,683,50291,286000,7400,136600,0,0,0,1,0,75,0,Business Owner,0
C0262,616,60608,484000,13700,228500,0,0,1,0,0,26,0,Self-Employed,0
C0263,789,27326,241000,6300,105100,0,0,0,0,0,82,0,Business Owner,0
C0264,676,45243,559000,15900,200600,0,0,0,1,0,24,0,Salaried,0
C0265,707,172090,1111000,22300,607700,71900,3,3,1,1,60,1,Self-Employed,1
C0266,676,50256,164000,5400,100300,0,0,0,1,0,47,0,Business Owner,0
C0267,629,33704,225000,6400,139600,0,0,0,0,0,46,0,Business Owner,0
C0268,779,40210,127000,3800,87000,0,0,1,0,0,43,0,Self-Employed,0
C0269,718,54147,810000,24900,307600,0,0,0,0,0,36,1,Freelance,0
C0270,589,71652,867000,27200,346900,30900,1,4,4,2,45,0,Business Owner,1
C0271,783,71829,416000,10800,152000,30900,3,7,2,0,27,0,Salaried,1
C0272,700,54522,361000,11900,301700,0,0,0,1,0,45,0,Business Owner,0
C0273,651,34062,430000,14200,111700,0,0,0,0,0,59,0,Salaried,0
C0274,747,87169,525000,17400,149700,49600,3,5,2,2,67,2,Self-Employed,1
C0275,777,83173,612000,20300,446900,24100,1,2,2,0,42,0,Business Owner,0
C0276,713,49997,371000,9400,157800,0,0,0,1,0,41,0,Salaried,0
C0277,548,20066,249000,5700,200700,0,0,0,0,0,46,0,Salaried,0
C0278,679,49539,696000,17500,134900,15800,1,1,3,0,47,1,Self-Employed,1
C0279,682,29116,209000,5400,135200,0,0,0,0,0,43,0,Business Owner,0
C0280,832,36217,330000,10900,278100,39100,3,5,2,2,27,0,Business Owner,1
C0281,733,37180,262000,8500,39400,8100,1,2,1,1,7,0,Self-Employed,0
C0282,667,41633,274000,6800,77100,0,0,0,0,0,53,0,Business Owner,0
C0283,663,54730,725000,14600,405600,0,0,1,2,0,27,0,Self-Employed,0
C0284,582,53089,600000,13500,238900,0,0,0,1,0,29,0,Business Owner,0
C0285,649,46080,237000,6100,215200,21900,3,3,2,1,66,0,Freelance,1
C0286,762,24064,175000,3900,109800,0,0,0,0,0,30,0,Business Owner,0
C0287,601,98960,1275000,29400,669700,0,0,0,0,0,25,0,Salaried,0
C0288,631,24545,97000,2200,37700,9200,4,4,0,0,56,1,Salaried,1
C0289,803,163915,876000,19700,773700,0,0,0,1,1,62,0,Freelance,0
C0290,557,44438,530000,17900,259200,90000,5,6,4,2,70,2,Business Owner,1
C0291,635,45934,359000,10800,183200,0,0,0,0,0,50,0,Salaried,0
C0292,670,112690,630000,21700,454900,0,0,0,0,0,26,0,Salaried,0
C0293,740,27072,354000,10000,96500,0,0,0,1,1,67,0,Business Owner,0
C0294,652,33313,426000,12300,198100,0,0,1,0,0,54,0,Self-Employed,0
C0295,721,32301,304000,9000,93400,10400,1,2,5,0,38,0,Business Owner,0
C0296,587,58297,441000,12900,408300,0,0,1,1,0,65,0,Self-Employed,0
C0297,515,58577,541000,12400,429600,12200,1,3,4,1,44,0,Freelance,0
C0298,682,42824,509000,13900,111100,0,0,0,0,0,5,0,Freelance,0
C0299,640,67283,359000,9900,274600,18000,2,2,0,0,43,2,Salaried,1
C0300,638,46908,394000,11300,239000,11400,1,1,0,0,60,0,Salaried,0
C0301,615,79090,539000,18300,105100,0,0,1,0,0,31,1,Salaried,0
C0302,604,49876,159000,5500,71800,0,0,0,1,0,48,0,Self-Employed,0
C0303,706,74619,1029000,30200,262400,28800,1,4,2,1,38,0,Salaried,0
C0304,648,42074,229000,7200,112300,0,0,0,0,0,46,0,Business Owner,0
C0305,663,71693,929000,20400,834500,0,0,1,1,1,67,0,Self-Employed,0
C0306,727,36499,433000,9100,199100,10400,1,5,2,1,65,0,Freelance,0
C0307,810,40686,234000,4900,91200,0,0,0,0,0,47,1,Self-Employed,0
C0308,814,80822,649000,19800,310600,0,0,0,1,0,47,0,Salaried,0
C0309,700,62424,623000,19900,524300,0,0,0,0,0,31,0,Business Owner,0
C0310,660,57491,743000,21100,143900,0,0,0,0,0,37,0,Business Owner,0
C0311,758,34338,297000,7000,84000,0,0,1,0,0,77,2,Salaried,1
C0312,702,38001,243000,5500,44100,17200,3,3,2,1,52,1,Business Owner,1
C0313,489,38256,522000,17400,218500,68500,4,6,1,1,32,3,Self-Employed,1
C0314,616,52821,256000,6800,142900,6700,1,1,4,0,45,0,Self-Employed,1
C0315,828,38527,455000,15900,172900,0,0,0,0,0,90,0,Salaried,0
C0316,692,128794,1917000,55900,856500,0,0,0,0,0,70,0,Business Owner,0
C0317,532,76575,974000,23000,320900,25200,1,1,3,1,64,0,Freelance,1
C0318,619,43527,370000,9600,312100,56100,5,7,2,2,42,0,Self-Employed,1
C0319,518,46600,247000,6100,229700,6700,1,3,2,1,72,0,Self-Employed,0
C0320,561,44168,203000,7000,42300,6900,1,3,1,1,34,0,Self-Employed,0
C0321,589,31369,285000,9000,238400,0,0,0,1,0,14,0,Self-Employed,0
C0322,754,36514,238000,6400,174100,0,0,1,0,0,58,0,Freelance,0
C0323,547,63046,548000,13700,336200,0,0,0,0,0,9,0,Salaried,0
C0324,587,32126,275000,6000,245400,0,0,0,0,0,55,0,Self-Employed,0
C0325,702,89120,959000,25800,549500,53200,2,2,1,0,62,0,Business Owner,1
C0326,490,136084,583000,17300,492300,0,0,0,0,0,37,0,Freelance,0
C0327,769,58976,680000,14700,502300,28900,2,4,1,1,53,1,Self-Employed,1
C0328,669,74864,260000,6600,210900,0,0,0,0,0,58,0,Business Owner,0
C0329,620,50100,735000,18700,391200,37200,2,4,0,0,63,2,Self-Employed,1
C0330,615,47164,521000,16800,180100,53700,3,4,1,1,41,0,Salaried,1
C0331,696,41790,417000,9500,125300,8700,1,3,2,1,58,0,Freelance,0
C0332,595,67170,486000,10600,123400,0,0,1,1,0,78,0,Salaried,0
C0333,731,61386,395000,11700,158500,0,0,0,0,0,29,0,Freelance,0
C0334,713,36718,331000,11100,88500,0,0,0,0,0,71,0,Self-Employed,0
C0335,698,47936,312000,7600,135300,0,0,0,1,1,57,0,Self-Employed,0
C0336,732,47345,527000,12900,158400,12000,1,1,2,0,24,0,Freelance,1
C0337,787,26092,246000,7400,171200,0,0,0,0,0,48,0,Business Owner,0
C0338,720,31595,350000,12100,328500,0,0,0,1,0,41,0,Business Owner,0
C0339,534,36357,442000,15000,398900,55200,4,5,2,1,71,0,Self-Employed,1
C0340,735,26680,210000,6100,49600,29300,4,5,1,1,37,3,Self-Employed,1
C0341,639,32059,135000,3300,108400,3400,1,3,1,1,48,1,Salaried,0
C0342,664,89014,1024000,31700,296100,63900,2,2,4,3,74,1,Self-Employed,1
C0343,652,62606,347000,10800,140900,0,0,0,3,0,46,0,Freelance,0
C0344,678,46494,540000,14400,397300,41900,3,4,3,2,18,1,Business Owner,1
C0345,679,53588,473000,13500,417900,0,0,0,1,0,42,0,Business Owner,0
C0346,709,45853,431000,12700,251900,13800,1,1,2,0,57,0,Salaried,0
C0347,611,49900,739000,22200,279600,0,0,0,1,0,59,0,Business Owner,0
C0348,748,55584,219000,5500,76300,0,0,0,1,0,30,0,Business Owner,0
C0349,673,55356,391000,7900,271400,0,0,0,0,0,36,0,Freelance,0
C0350,782,35853,456000,11900,413900,0,0,0,0,0,53,0,Business Owner,0
C0351,642,72014,1039000,21600,280500,0,0,0,0,0,58,0,Salaried,0
C0352,682,42117,359000,9900,74600,0,0,0,1,0,26,1,Salaried,0
C0353,616,49861,525000,12500,416300,0,0,1,0,0,35,0,Business Owner,0
C0354,666,32426,429000,14100,98400,15700,1,2,0,0,33,0,Self-Employed,1
C0355,733,59403,269000,8900,168100,9900,1,1,1,1,45,0,Business Owner,0
C0356,417,32566,289000,9500,235700,10800,1,3,1,0,29,0,Salaried,1
C0357,675,45790,436000,12300,189800,0,0,1,0,0,40,0,Salaried,0
C0358,794,39746,281000,8000,88200,0,0,0,1,1,28,1,Freelance,0
C0359,677,25228,100000,2300,90500,0,0,0,1,0,63,2,Business Owner,0
C0360,649,52715,230000,4600,218400,0,0,0,0,0,36,0,Business Owner,0
C0361,615,50911,164000,3500,78500,0,0,0,1,0,34,0,Freelance,0
C0362,722,52809,526000,14800,100100,16600,1,1,1,1,26,0,Salaried,0
C0363,474,42043,624000,13000,164600,29900,2,2,2,0,34,1,Freelance,1
C0364,625,79531,368000,8200,260500,0,0,0,1,0,56,0,Self-Employed,0
C0365,618,109618,1539000,45800,342200,0,0,0,0,0,44,0,Business Owner,0
C0366,776,35215,445000,9900,197200,0,0,0,1,0,30,0,Salaried,0
C0367,786,20000,279000,7900,80800,0,0,0,0,0,74,0,Freelance,0
C0368,715,38153,444000,9500,231300,9700,1,1,4,0,41,2,Salaried,0
C0369,711,49038,204000,5000,134800,0,0,1,0,0,76,0,Self-Employed,0
C0370,649,60916,787000,22400,597900,0,0,0,0,0,44,0,Business Owner,0
C0371,670,57212,768000,25500,330400,80000,3,5,2,1,69,0,Freelance,1
C0372,584,76384,484000,16500,352800,0,0,0,0,0,99,0,Salaried,1
C0373,609,20000,73000,1500,52800,0,0,0,0,0,37,0,Business Owner,0
C0374,738,25922,280000,9100,135600,9600,1,4,0,0,57,0,Business Owner,1
C0375,552,44127,381000,10200,234600,12000,1,4,2,2,84,0,Salaried,1
C0376,719,21033,85000,2200,63800,0,0,1,0,0,33,1,Business Owner,0
C0377,662,56553,762000,15900,656000,16000,1,3,2,1,47,0,Business Owner,0
C0378,624,47703,293000,7800,80700,0,0,0,0,0,48,1,Freelance,0
C0379,706,102645,989000,21500,248200,0,0,0,0,0,46,0,Business Owner,0
C0380,621,48373,465000,15200,440600,16500,1,2,1,1,50,0,Freelance,0
C0381,684,35033,135000,4600,103000,0,0,0,0,0,45,0,Business Owner,0
C0382,699,29802,262000,7700,41400,17200,2,4,2,0,40,0,Self-Employed,1
C0383,658,48672,196000,6300,150400,0,0,1,1,0,52,0,Self-Employed,0
C0384,718,70577,1042000,23300,344400,64300,3,3,1,1,61,3,Freelance,1
C0385,670,44104,487000,16200,252200,0,0,0,2,0,47,0,Freelance,0
C0386,525,34991,324000,9300,50800,0,0,0,0,0,31,0,Self-Employed,0
C0387,646,29804,339000,9600,155700,17700,2,2,1,1,63,2,Business Owner,0
C0388,650,54551,602000,15700,317000,15900,1,3,3,0,47,0,Freelance,1
C0389,772,38063,353000,7700,89400,0,0,1,0,0,50,0,Salaried,0
C0390,822,49351,215000,5600,115700,0,0,0,0,0,54,0,Business Owner,0
C0391,711,31738,295000,8700,124000,0,0,0,0,0,58,0,Business Owner,0
C0392,632,22485,310000,10400,216600,0,0,0,1,0,36,0,Self-Employed,0
C0393,647,33882,334000,8900,142700,0,0,1,1,0,64,0,Freelance,0
C0394,573,70408,680000,19000,458600,68800,4,5,1,1,33,1,Business Owner,1
C0395,809,60349,660000,16700,526100,0,0,0,1,0,68,1,Freelance,0
C0396,735,56353,236000,5500,169200,0,0,1,0,0,17,0,Freelance,0
C0397,832,23907,97000,2400,21500,0,0,0,0,0,41,0,Freelance,0
C0398,766,54456,475000,16600,329300,88600,5,6,1,0,67,1,Self-Employed,0
C0399,599,30087,148000,3300,56000,0,0,1,1,1,26,0,Freelance,0
C0400,653,113258,1684000,35100,730900,0,0,0,0,0,52,0,Self-Employed,0
C0401,613,21974,149000,4000,56400,0,0,0,0,0,41,0,Salaried,0
C0402,640,108496,760000,18800,584600,18200,1,3,4,2,35,0,Business Owner,1
C0403,734,45452,185000,5100,163700,0,0,0,0,0,21,0,Business Owner,0
C0404,688,52821,171000,4300,111600,20200,4,5,1,1,23,1,Salaried,1
C0405,611,49174,513000,12900,428200,14600,1,1,2,1,34,0,Self-Employed,0
C0406,754,46838,663000,17100,360300,0,0,0,0,0,18,0,Business Owner,0
C0407,574,72887,264000,6200,209000,0,0,0,0,0,32,0,Self-Employed,0
C0408,697,71917,571000,19400,107800,39600,2,3,3,0,26,3,Self-Employed,1
C0409,767,33723,303000,7500,242300,0,0,0,0,0,35,0,Self-Employed,0
C0410,470,25712,79000,2600,34600,6200,2,5,2,2,19,1,Salaried,1
C0411,776,20000,165000,5200,134000,0,0,0,0,0,36,0,Salaried,0
C0412,661,45666,646000,18500,441600,0,0,0,0,0,52,0,Self-Employed,0
C0413,729,20000,60000,1400,19000,4400,3,4,2,1,68,3,Freelance,1
C0414,667,171176,596000,20700,272200,44500,2,3,2,1,65,0,Salaried,1
C0415,796,33870,110000,2500,59400,0,0,0,1,0,48,0,Freelance,0
C0416,841,55009,679000,14900,428300,28500,2,2,1,1,20,1,Freelance,0
C0417,811,59609,419000,13200,207900,0,0,0,0,0,17,0,Self-Employed,0
C0418,697,63000,285000,7200,177800,0,0,0,0,0,19,0,Freelance,1
C0419,718,41662,333000,10300,294600,0,0,0,0,0,48,0,Freelance,0
C0420,687,29023,393000,10300,210500,10700,1,3,1,1,30,1,Freelance,1
C0421,620,75539,1073000,33000,808000,39200,1,3,3,1,73,0,Self-Employed,1
C0422,765,81317,295000,9700,152400,10900,1,3,0,0,16,0,Self-Employed,0
C0423,621,70457,991000,28600,449900,0,0,0,0,0,21,0,Salaried,0
C0424,708,38203,542000,18500,241300,43700,2,2,1,1,41,0,Salaried,1
C0425,585,49775,515000,14700,371700,0,0,1,1,0,56,2,Freelance,0
C0426,667,48403,402000,8300,235200,19000,2,5,1,1,47,2,Self-Employed,1
C0427,708,57520,804000,19300,702000,35200,2,2,2,0,36,1,Self-Employed,1
C0428,690,47750,511000,10400,252500,0,0,0,0,0,68,0,Freelance,0
C0429,580,63656,576000,16200,217000,0,0,0,1,0,22,2,Salaried,1
C0430,498,44149,471000,10300,232800,48400,4,4,3,2,34,3,Self-Employed,1
C0431,621,131557,1893000,44800,1089700,0,0,0,0,0,57,0,Salaried,0
C0432,716,41028,587000,16300,253500,17300,1,2,3,1,15,0,Freelance,0
C0433,657,46485,416000,11700,118500,0,0,1,1,1,79,0,Self-Employed,0
C0434,670,20000,199000,4500,173300,0,0,0,0,0,5,0,Freelance,0
C0435,580,42932,637000,18100,445900,19800,1,3,0,0,50,0,Business Owner,1
C0436,733,118818,933000,23700,301800,0,0,1,0,0,18,0,Freelance,0
C0437,850,29816,198000,4500,43300,0,0,0,1,0,5,0,Freelance,0
C0438,779,90582,583000,15700,177700,15200,1,2,1,1,51,0,Freelance,0
C0439,550,59301,641000,13900,371200,13400,1,5,1,1,19,0,Self-Employed,0
C0440,554,84183,1079000,22200,913500,0,0,0,0,0,9,0,Freelance,0
C0441,474,46680,520000,13700,477900,41900,3,3,2,0,56,1,Freelance,1
C0442,731,51072,408000,10200,259200,0,0,0,1,0,66,0,Business Owner,0
C0443,688,20000,194000,6000,84200,0,0,0,0,0,38,0,Self-Employed,0
C0444,779,49038,560000,17800,241200,0,0,0,0,0,47,0,Business Owner,0
C0445,622,73482,952000,29100,863000,55700,2,4,3,1,45,2,Freelance,1
C0446,671,40573,386000,8600,288400,8800,1,5,0,0,80,0,Self-Employed,0
C0447,616,50034,265000,8600,193400,0,0,0,1,0,27,0,Business Owner,0
C0448,772,26670,140000,4100,58700,4800,1,1,1,1,64,0,Freelance,1
C0449,691,130392,1409000,47000,707800,0,0,0,0,0,39,0,Salaried,0
C0450,522,36550,302000,7200,85100,0,0,0,0,0,32,0,Business Owner,1
C0451,727,70556,849000,26100,582000,0,0,0,0,0,45,0,Self-Employed,0
C0452,790,81635,1098000,27600,840900,0,0,1,0,0,72,1,Business Owner,0
C0453,850,66286,583000,12500,445700,0,0,0,0,0,38,0,Business Owner,0
C0454,613,116829,1317000,33100,489700,0,0,0,0,0,72,0,Business Owner,0
C0455,672,41501,243000,6500,50500,0,0,0,1,1,52,0,Salaried,0
C0456,736,46112,438000,12200,115200,39900,3,3,2,0,24,1,Self-Employed,1
C0457,850,31876,161000,5000,63100,0,0,0,1,0,59,0,Self-Employed,0
C0458,670,52779,547000,11700,253400,0,0,0,0,0,30,0,Self-Employed,0
C0459,599,74412,513000,12800,87500,34900,3,5,1,1,68,0,Freelance,1
C0460,783,75552,227000,7700,63900,7200,1,1,2,0,58,0,Self-Employed,1
C0461,667,30976,178000,4900,62800,0,0,1,0,0,21,0,Self-Employed,0
C0462,736,20000,83000,1900,39900,7900,4,4,2,2,43,2,Salaried,1
C0463,678,92900,411000,8300,161300,0,0,0,0,0,12,0,Freelance,0
C0464,561,81736,1200000,27500,512000,32500,1,2,4,1,43,0,Freelance,0
C0465,641,25532,174000,4500,47000,0,0,0,0,0,53,0,Business Owner,0
C0466,695,79403,449000,10800,355800,61500,5,5,3,1,31,0,Freelance,1
C0467,786,78000,401000,8500,361800,0,0,1,1,0,54,0,Freelance,0
C0468,634,40990,374000,10800,163600,0,0,0,0,0,26,0,Salaried,0
C0469,667,57190,824000,17300,521100,63100,4,7,2,1,43,2,Self-Employed,1
C0470,596,60508,839000,23300,229000,0,0,0,1,0,56,0,Freelance,0
C0471,733,68357,577000,18400,473700,0,0,0,0,0,38,0,Freelance,0
C0472,756,86149,357000,12100,215900,0,0,0,0,0,82,0,Salaried,0
C0473,667,106177,1106000,29700,957000,0,0,0,1,0,66,0,Freelance,0
C0474,636,85949,920000,21800,218400,0,0,0,0,0,37,0,Freelance,0
C0475,757,66966,520000,13000,175500,0,0,0,0,0,7,0,Salaried,0
C0476,521,23165,273000,8300,222900,17400,2,3,1,0,50,1,Business Owner,0
C0477,847,24521,361000,10100,315600,12100,1,3,1,1,75,0,Business Owner,0
C0478,602,116282,740000,22900,254400,42800,2,3,2,0,58,1,Freelance,0
C0479,798,29253,110000,2900,101300,0,0,0,0,0,21,1,Freelance,1
C0480,719,43715,300000,7100,173200,0,0,0,2,0,19,0,Self-Employed,0
C0481,662,29487,259000,6600,114100,15100,2,3,2,1,59,0,Freelance,1
C0482,618,38924,229000,7800,129600,30000,4,5,1,1,32,0,Self-Employed,1
C0483,666,66141,725000,17300,182400,16500,1,1,1,1,96,0,Business Owner,1
C0484,729,59440,316000,6800,274400,0,0,0,0,0,57,0,Freelance,0
C0485,712,94892,395000,11100,281300,0,0,0,0,0,13,0,Freelance,0
C0486,743,53518,673000,22800,627800,54500,2,4,2,0,22,1,Salaried,1
C0487,619,42065,161000,4600,91200,0,0,0,0,0,61,0,Freelance,0
C0488,720,49293,558000,11800,168200,0,0,0,0,0,32,0,Business Owner,0
C0489,638,29388,236000,6500,125400,7500,1,3,3,1,32,0,Freelance,1
C0490,813,43456,453000,14500,224400,0,0,0,1,0,55,0,Self-Employed,0
C0491,720,48178,580000,18700,102200,0,0,0,1,1,34,0,Freelance,0
C0492,656,55410,321000,8600,180900,0,0,0,1,0,41,0,Self-Employed,0
C0493,532,95233,481000,11300,293600,24800,2,2,2,2,48,0,Salaried,0
C0494,753,69115,791000,22800,403400,0,0,1,0,0,5,0,Freelance,1
C0495,684,21780,165000,4400,154200,8000,2,2,3,1,37,0,Salaried,0
C0496,619,40263,217000,6300,43700,0,0,1,0,0,45,0,Salaried,0
C0497,727,27771,222000,5000,155700,0,0,1,0,0,31,0,Freelance,0
C0498,578,105670,1530000,38200,1407200,0,0,0,2,0,11,0,Self-Employed,0
C0499,644,20649,104000,3400,74200,6600,2,4,4,1,53,0,Freelance,1
C0500,579,54470,370000,9800,147100,54900,5,5,0,0,54,1,Self-Employed,1
C0501,589,32470,470000,15900,242500,0,0,0,0,0,66,0,Salaried,0
C0502,734,83696,889000,29900,146200,0,0,0,0,0,63,0,Business Owner,0
C0503,725,84388,656000,18200,519800,0,0,0,0,0,26,0,Freelance,0
C0504,691,34882,428000,13900,122600,0,0,0,1,0,14,0,Business Owner,0
C0505,599,30912,412000,8700,285100,8500,1,1,2,1,51,0,Self-Employed,0
C0506,745,44456,528000,14900,302900,0,0,0,0,0,57,0,Freelance,0
C0507,814,32480,195000,5800,166100,0,0,1,1,0,45,0,Business Owner,0
C0508,558,70060,935000,22700,653900,0,0,0,0,0,61,0,Business Owner,0
C0509,803,107602,1391000,36700,515200,68100,2,3,1,0,19,1,Freelance,1
C0510,815,20000,109000,2400,93100,0,0,0,0,0,80,0,Business Owner,0
C0511,739,36361,522000,11500,286100,12800,1,2,1,0,36,0,Freelance,0
C0512,542,73071,295000,6900,88600,14600,2,3,3,3,30,1,Business Owner,1
C0513,618,49160,574000,18400,219000,0,0,0,2,0,44,0,Salaried,0
C0514,637,25306,339000,10500,160400,11800,1,2,1,1,75,0,Freelance,1
C0515,681,35010,317000,7100,73900,6900,1,2,2,0,25,0,Salaried,1
C0516,702,136097,1876000,42100,1488200,0,0,0,0,0,29,0,Salaried,0
C0517,625,87700,414000,13600,164400,0,0,0,0,0,37,0,Business Owner,0
C0518,640,115506,906000,20000,503200,41800,2,3,5,0,37,2,Self-Employed,1
C0519,783,79233,795000,20200,486300,0,0,0,1,0,38,0,Salaried,0
C0520,562,35093,250000,6500,181600,0,0,1,0,0,58,0,Salaried,0
C0521,645,65805,889000,18000,654300,0,0,0,0,0,43,0,Salaried,0
C0522,594,47773,266000,5600,162100,0,0,0,2,0,32,0,Self-Employed,0
C0523,732,43591,201000,6000,30900,0,0,0,0,0,22,0,Self-Employed,0
C0524,678,47620,606000,18400,442300,0,0,0,0,0,39,0,Salaried,0
C0525,619,52547,752000,19200,661800,0,0,0,0,0,69,0,Self-Employed,0
C0526,749,70688,952000,22100,206600,0,0,0,1,0,34,0,Self-Employed,0
C0527,704,27899,282000,6300,70200,0,0,0,0,0,63,0,Self-Employed,1
C0528,660,75503,510000,13700,235600,0,0,1,0,0,15,0,Freelance,1
C0529,527,72026,495000,14700,411400,0,0,1,0,0,40,0,Salaried,0
C0530,802,66089,651000,13700,158300,0,0,0,0,0,10,0,Self-Employed,0
C0531,774,33327,359000,10600,212800,20700,2,5,1,1,22,3,Freelance,1
C0532,821,54163,446000,13100,188400,0,0,0,0,0,29,0,Business Owner,0
C0533,662,45995,195000,6300,35300,0,0,0,1,0,5,0,Business Owner,0
C0534,785,30504,225000,7300,115500,0,0,0,1,0,37,2,Self-Employed,0
C0535,641,47939,372000,10600,339400,0,0,0,0,0,58,1,Salaried,0
C0536,622,34645,188000,6400,156400,0,0,0,0,0,45,0,Self-Employed,0
C0537,704,62185,502000,13900,223900,0,0,0,1,0,38,0,Business Owner,0
C0538,611,40073,312000,10800,103200,0,0,0,0,0,47,1,Salaried,1
C0539,774,20000,250000,6200,180700,7100,1,1,1,1,9,0,Salaried,0
C0540,847,39609,544000,14100,500200,0,0,0,2,0,13,0,Business Owner,0
C0541,578,87321,766000,22400,363000,112700,5,7,2,1,44,0,Freelance,1
C0542,692,68263,745000,19400,653500,0,0,0,0,0,40,0,Freelance,0
C0543,735,39269,133000,2800,49100,2900,1,3,1,1,52,0,Self-Employed,0
C0544,686,54600,538000,18400,271300,0,0,0,1,0,63,0,Salaried,0
C0545,654,47416,330000,9300,289900,0,0,0,0,0,14,1,Self-Employed,0
C0546,752,43787,333000,10300,176700,37300,4,6,0,0,64,1,Salaried,1
C0547,678,75466,634000,14600,251100,33000,2,3,1,0,36,1,Business Owner,1
C0548,761,100527,1280000,26500,495600,28000,1,2,3,0,37,0,Salaried,0
C0549,687,53513,217000,7100,159700,0,0,0,0,0,97,0,Salaried,0
C0550,699,56994,816000,17500,295500,0,0,0,0,0,37,0,Business Owner,0
C0551,576,32559,234000,7200,104000,0,0,0,1,0,29,1,Freelance,0
C0552,577,42471,608000,19000,192400,57900,3,6,1,1,53,2,Business Owner,1
C0553,725,59785,647000,21300,155200,78700,4,4,2,2,21,0,Salaried,1
C0554,791,52637,658000,18900,509700,18400,1,2,3,0,57,0,Business Owner,0
C0555,657,20894,200000,6800,189800,18400,3,4,2,1,12,0,Salaried,1
C0556,696,22505,121000,3300,33400,0,0,0,0,0,47,0,Freelance,0
C0557,744,49841,478000,13700,225300,0,0,0,0,0,52,0,Freelance,0
C0558,598,28901,189000,5800,63100,16200,3,3,1,1,23,1,Salaried,1
C0559,654,40797,543000,12900,246600,0,0,0,0,0,69,1,Freelance,0
C0560,682,76633,561000,15100,393800,0,0,0,3,0,59,0,Business Owner,0
C0561,681,20000,70000,1800,20500,0,0,0,0,0,76,0,Freelance,0
C0562,626,20000,81000,2400,30800,5300,2,3,1,1,15,1,Self-Employed,0
C0563,636,54723,467000,15600,105300,0,0,1,0,0,40,0,Freelance,0
C0564,579,59033,422000,10600,221700,9600,1,1,2,2,79,0,Self-Employed,0
C0565,696,38805,365000,9400,154100,0,0,1,0,0,42,0,Business Owner,0
C0566,622,31326,300000,6700,77100,0,0,0,0,0,66,0,Freelance,0
C0567,628,102936,634000,16300,347600,18400,1,2,1,1,56,0,Freelance,1
C0568,711,53363,623000,14200,313800,15300,1,3,1,1,33,0,Freelance,1
C0569,676,41346,135000,3700,74400,3900,1,3,1,0,36,0,Business Owner,0
C0570,731,51307,274000,8100,220200,0,0,0,0,0,64,0,Business Owner,0
C0571,757,69714,590000,18000,271600,18900,1,3,2,1,11,0,Self-Employed,1
C0572,768,40447,591000,15700,274600,0,0,0,0,0,48,0,Salaried,0
C0573,735,30880,389000,9800,112100,18700,2,3,2,1,32,0,Business Owner,0
C0574,662,105994,1226000,38100,319500,0,0,0,0,0,41,0,Freelance,0
C0575,808,76977,248000,6100,163700,6700,1,3,2,2,73,0,Self-Employed,1
C0576,706,25170,355000,7900,329000,0,0,1,0,0,54,0,Freelance,0
C0577,788,40854,350000,9800,331100,0,0,0,0,0,51,0,Freelance,0
C0578,647,49064,296000,8200,47900,19300,2,5,1,0,56,2,Business Owner,1
C0579,599,51199,662000,15700,511000,0,0,0,0,0,19,0,Salaried,0
C0580,597,66412,593000,18900,314600,0,0,0,0,0,59,0,Freelance,0
C0581,629,58340,460000,15100,204300,0,0,0,0,0,64,0,Business Owner,0
C0582,527,69161,336000,11000,190600,0,0,0,1,0,35,0,Self-Employed,0
C0583,716,25290,103000,2100,46100,0,0,0,0,0,55,0,Freelance,0
C0584,689,52875,275000,6700,199000,22400,3,5,2,0,26,1,Self-Employed,1
C0585,766,41323,124000,2800,21600,0,0,1,0,0,57,0,Business Owner,0
C0586,674,39185,248000,8200,157200,0,0,0,0,0,41,0,Business Owner,0
C0587,674,29994,334000,11100,250300,0,0,0,0,0,26,0,Business Owner,0
C0588,451,64362,589000,17700,270800,19500,1,3,1,1,36,0,Business Owner,1
C0589,703,38854,180000,3800,167600,0,0,0,0,0,68,1,Business Owner,0
C0590,773,21426,144000,4800,121900,0,0,0,0,0,41,0,Salaried,0
C0591,664,53094,706000,23600,640600,22500,1,2,3,3,41,0,Self-Employed,1
C0592,658,39002,200000,4100,175500,14400,3,3,3,3,39,1,Salaried,1
C0593,705,23334,284000,8300,95300,26300,3,7,3,1,46,0,Self-Employed,1
C0594,785,85653,1030000,28400,891200,0,0,0,0,0,40,0,Freelance,0
C0595,788,140042,1522000,41800,267300,0,0,0,0,0,32,0,Freelance,0
C0596,703,57307,435000,12500,316100,13900,1,4,1,1,35,0,Self-Employed,0
C0597,606,48587,246000,5300,157500,15500,3,3,2,2,55,1,Freelance,1
C0598,749,128528,1239000,25400,651000,0,0,0,0,0,46,1,Freelance,0
C0599,656,60810,387000,8000,304400,0,0,0,0,0,83,0,Freelance,0
C0600,535,30474,274000,7400,154800,13600,2,3,3,2,71,1,Salaried,1
C0601,675,50754,235000,6900,91900,30800,4,5,1,0,21,0,Salaried,1
C0602,646,38384,478000,10800,82600,0,0,1,0,0,60,0,Business Owner,0
C0603,714,20000,82000,2500,59900,0,0,0,0,0,62,0,Self-Employed,0
C0604,514,52945,706000,19100,557500,0,0,0,0,0,18,0,Freelance,0
C0605,715,37779,560000,11400,397200,12300,1,3,2,2,5,0,Self-Employed,1
C0606,587,20000,295000,6300,261900,12900,2,4,3,0,29,1,Business Owner,1
C0607,661,49279,335000,10100,180000,0,0,1,0,0,41,2,Business Owner,0
C0608,717,55749,325000,10900,129200,0,0,0,1,0,12,0,Freelance,0
C0609,698,25007,151000,5200,26100,5400,1,2,3,1,32,0,Business Owner,1
C0610,591,54267,622000,20900,309600,92500,4,6,0,0,35,0,Freelance,1
C0611,642,85870,877000,25500,387700,0,0,0,0,0,45,0,Business Owner,0
C0612,734,78691,476000,15700,411600,14400,1,7,3,1,31,0,Business Owner,0
C0613,642,34349,346000,10100,94500,0,0,0,0,0,35,0,Freelance,0
C0614,662,25176,257000,6400,199100,0,0,0,1,1,49,0,Business Owner,0
C0615,568,31374,283000,7600,120400,0,0,0,2,0,74,0,Business Owner,0
C0616,666,95730,576000,14700,95700,0,0,0,0,0,25,0,Business Owner,0
C0617,850,75667,1002000,32200,256300,0,0,0,0,0,5,0,Self-Employed,0
C0618,619,72864,262000,8600,41400,0,0,0,0,0,50,0,Salaried,0
C0619,548,70830,242000,5000,41400,0,0,0,1,0,78,0,Self-Employed,0
C0620,526,66832,555000,16500,302600,0,0,0,1,0,59,0,Business Owner,0
C0621,716,102118,393000,13100,68600,0,0,0,1,0,11,0,Salaried,0
C0622,602,47783,495000,15400,378100,0,0,0,2,0,8,0,Self-Employed,0
C0623,685,112585,479000,15700,190600,0,0,0,1,0,46,1,Self-Employed,0
C0624,692,69999,739000,24200,286300,111000,4,7,3,1,38,2,Self-Employed,1
C0625,559,37109,494000,15100,290600,0,0,0,0,0,56,1,Freelance,0
C0626,727,27479,370000,11600,312700,0,0,0,0,0,49,1,Business Owner,0
C0627,665,44226,322000,7800,206700,0,0,1,0,0,47,0,Business Owner,0
C0628,632,26194,193000,6600,97500,0,0,0,0,0,43,1,Salaried,0
C0629,715,53693,694000,22700,420100,97100,4,6,1,1,59,0,Self-Employed,1
C0630,628,36011,186000,3800,142700,0,0,0,0,0,56,0,Business Owner,0
C0631,537,37552,318000,6700,250900,23800,3,3,2,2,40,0,Self-Employed,0
C0632,695,32029,337000,9500,229100,22600,2,4,0,0,59,0,Business Owner,1
C0633,707,68725,532000,13600,273800,27500,2,5,1,1,36,2,Self-Employed,1
C0634,471,100204,998000,33100,842500,36300,1,3,0,0,30,0,Business Owner,1
C0635,810,33979,194000,6200,127000,0,0,0,0,0,79,0,Salaried,0
C0636,763,32238,404000,9300,370600,0,0,1,1,0,28,0,Self-Employed,0
C0637,661,54230,276000,6900,131600,20800,3,3,1,1,29,2,Business Owner,1
C0638,781,69910,309000,10000,220800,0,0,1,1,0,32,1,Salaried,0
C0639,684,128430,425000,14400,353400,0,0,0,0,0,45,1,Salaried,0
C0640,704,72725,633000,20800,333700,0,0,0,0,0,45,0,Business Owner,0
C0641,626,76603,742000,22700,191100,0,0,0,1,0,29,1,Self-Employed,1
C0642,692,110989,824000,17300,533700,0,0,0,1,0,28,1,Freelance,0
C0643,664,34097,348000,9600,245600,11100,1,2,0,0,25,0,Salaried,1
C0644,649,33487,307000,8900,240000,0,0,0,0,0,65,0,Salaried,1
C0645,589,65391,895000,29400,189200,65600,2,3,2,1,39,1,Business Owner,1
C0646,652,79258,436000,13800,216500,50100,4,4,0,0,24,1,Freelance,1
C0647,622,69808,277000,9200,231800,29200,3,5,2,0,49,1,Freelance,1
C0648,725,45758,273000,8200,202600,0,0,1,1,0,59,1,Freelance,0
C0649,601,34774,120000,2500,101500,0,0,0,0,0,38,1,Business Owner,0
C0650,713,21974,206000,4500,128300,4700,1,5,2,2,46,0,Self-Employed,0
C0651,446,27668,271000,6000,142400,0,0,0,0,0,73,0,Salaried,0
C0652,564,67446,950000,30000,579100,0,0,1,1,0,42,0,Business Owner,0
C0653,768,65075,967000,24400,608700,0,0,0,1,0,49,0,Freelance,0
C0654,668,40590,370000,10400,134700,0,0,0,0,0,5,0,Salaried,0
C0655,594,22692,236000,7300,109400,0,0,0,0,0,43,0,Salaried,0
C0656,750,64234,756000,26300,278200,0,0,0,0,0,47,0,Freelance,0
C0657,780,97554,538000,11000,267300,0,0,1,1,0,73,0,Freelance,0
C0658,742,63401,494000,13200,410500,0,0,0,0,0,23,0,Salaried,0
C0659,734,34369,111000,3300,58300,0,0,1,1,0,24,0,Salaried,0
C0660,780,88774,535000,13300,437500,0,0,0,0,0,43,0,Self-Employed,0
C0661,695,51390,582000,19800,345500,0,0,1,0,0,53,0,Self-Employed,0
C0662,701,35436,227000,6700,144400,6600,1,2,2,1,72,0,Business Owner,0
C0663,683,50736,291000,5900,133000,20400,3,4,1,1,32,1,Salaried,1
C0664,666,72929,589000,18000,532600,19600,1,3,1,1,28,1,Self-Employed,1
C0665,576,42056,516000,14000,222400,66400,4,8,0,0,28,1,Salaried,1
C0666,722,57082,633000,14600,567300,15600,1,1,0,0,25,0,Freelance,0
C0667,616,75839,451000,15600,70600,0,0,0,1,0,57,0,Self-Employed,0
C0668,678,42732,196000,5900,63000,0,0,0,0,0,38,0,Freelance,0
C0669,730,47839,686000,21700,433300,0,0,0,1,0,42,0,Freelance,0
C0670,664,53766,733000,22700,206500,0,0,0,0,0,24,0,Freelance,0
C0671,716,45717,656000,14500,191500,0,0,0,0,0,68,0,Business Owner,0
C0672,690,54983,554000,17500,273200,0,0,0,0,0,50,0,Freelance,0
C0673,655,97202,1362000,36400,1015300,0,0,0,0,0,55,0,Business Owner,0
C0674,631,48418,620000,21600,294800,24400,1,4,2,0,63,0,Salaried,0
C0675,577,59105,589000,16300,276200,15200,1,1,1,1,78,0,Salaried,0
C0676,781,51933,383000,8200,263900,17800,2,2,4,3,17,1,Self-Employed,1
C0677,657,47808,638000,14400,413100,14800,1,2,3,0,18,0,Self-Employed,1
C0678,712,33056,183000,6000,36000,32500,5,7,3,1,23,1,Business Owner,1
C0679,794,37392,329000,11200,126600,0,0,0,0,0,42,0,Salaried,0
C0680,735,41201,458000,11500,267900,0,0,1,0,0,39,0,Self-Employed,0
C0681,793,34552,364000,9300,95700,0,0,1,1,0,47,0,Self-Employed,0
C0682,695,89870,1014000,35100,220000,0,0,0,0,0,91,0,Self-Employed,0
C0683,694,43744,384000,10300,187800,0,0,1,0,0,59,0,Salaried,0
C0684,767,54090,696000,15200,576900,0,0,0,1,0,27,0,Self-Employed,0
C0685,612,46273,298000,9500,80800,0,0,1,1,0,52,0,Salaried,0
C0686,605,118602,419000,13300,290400,0,0,1,0,0,49,0,Freelance,0
C0687,730,27567,210000,6800,191100,0,0,0,1,0,43,1,Freelance,0
C0688,666,47426,665000,14700,393300,13700,1,1,0,0,58,1,Freelance,0
C0689,652,70641,535000,15600,347200,0,0,0,2,0,36,0,Business Owner,0
C0690,764,20000,78000,1800,67200,0,0,1,1,0,66,0,Salaried,0
C0691,776,56079,631000,12800,264600,12400,1,2,2,0,36,0,Self-Employed,0
C0692,675,67964,252000,7800,104100,0,0,0,0,0,42,0,Business Owner,0
C0693,601,48747,348000,7700,229300,0,0,1,0,0,30,0,Business Owner,0
C0694,697,38650,233000,5700,57500,0,0,0,0,0,21,0,Freelance,0
C0695,704,36625,202000,5000,107100,0,0,0,0,0,26,0,Salaried,0
C0696,646,59803,183000,3800,63200,7800,2,4,4,1,16,1,Self-Employed,1
C0697,619,34371,510000,12500,128500,0,0,1,1,0,62,0,Business Owner,0
C0698,697,82141,670000,19800,539100,103100,5,5,2,0,23,0,Self-Employed,1
C0699,707,36684,133000,2700,31200,0,0,1,0,0,46,0,Freelance,0
C0700,616,83890,1180000,35200,588900,0,0,0,0,0,43,0,Salaried,0
C0701,685,74150,311000,9000,240300,9700,1,1,3,2,51,0,Self-Employed,1
C0702,774,36739,444000,14900,71900,0,0,1,1,0,45,0,Self-Employed,0
C0703,547,29701,312000,10100,280600,0,0,0,0,0,34,0,Business Owner,0
C0704,656,39235,258000,7300,120800,0,0,0,0,0,22,0,Self-Employed,0
C0705,622,58882,223000,7700,155000,0,0,0,1,0,41,1,Salaried,0
C0706,730,38655,498000,11700,113900,0,0,0,1,0,16,0,Salaried,0
C0707,584,39605,495000,13000,111200,12600,1,1,4,3,46,0,Self-Employed,0
C0708,703,51918,474000,16000,438100,0,0,0,0,0,63,0,Business Owner,0
C0709,650,54985,377000,9700,244300,38100,4,6,0,0,27,0,Business Owner,1
C0710,615,37184,457000,15600,105300,93100,5,5,0,0,41,1,Freelance,1
C0711,742,33990,318000,10800,156800,0,0,0,2,1,54,0,Salaried,0
C0712,794,20000,265000,9200,132900,29000,3,5,2,2,48,0,Freelance,1
C0713,760,39853,336000,10400,76100,0,0,1,1,0,66,0,Business Owner,0
C0714,790,50105,413000,9000,248400,0,0,0,0,0,42,0,Freelance,0
C0715,647,74204,636000,16700,171300,0,0,0,1,0,78,0,Business Owner,0
C0716,663,40040,422000,12000,270000,0,0,0,0,0,51,0,Freelance,0
C0717,709,65249,712000,18600,256000,0,0,0,0,0,33,0,Freelance,0
C0718,603,77572,996000,34800,210500,108200,3,5,4,3,28,0,Salaried,1
C0719,777,34409,354000,7600,294500,0,0,1,0,0,83,0,Salaried,1
C0720,649,37028,302000,8200,78600,0,0,0,0,0,41,0,Freelance,0
C0721,743,142743,824000,20700,528400,0,0,0,0,0,60,0,Business Owner,0
C0722,780,86528,299000,8700,160800,8000,1,3,3,1,14,0,Business Owner,0
C0723,639,32527,363000,9000,284600,24400,3,3,3,3,36,1,Salaried,1
C0724,636,43877,170000,3900,91500,0,0,0,0,0,14,0,Salaried,0
C0725,662,42345,367000,12700,281700,0,0,0,1,0,65,0,Self-Employed,0
C0726,713,94134,638000,18100,368000,0,0,1,0,0,48,0,Salaried,0
C0727,782,22146,98000,3300,20800,0,0,0,0,0,56,0,Business Owner,0
C0728,702,48847,272000,7100,104300,0,0,0,0,0,44,0,Salaried,0
C0729,546,44188,605000,16600,380800,18100,1,3,2,1,58,0,Self-Employed,1
C0730,770,27678,155000,4100,46600,22100,5,7,1,1,46,2,Freelance,1
C0731,619,42202,222000,6100,174200,13400,2,3,2,1,55,2,Freelance,1
C0732,714,20000,111000,3600,85300,6600,2,4,1,1,58,0,Business Owner,1
C0733,566,31929,445000,13900,89500,0,0,0,1,0,5,0,Self-Employed,0
C0734,655,108412,1572000,37600,1094400,0,0,0,2,0,47,0,Freelance,0
C0735,482,72455,451000,15800,93500,18800,1,5,0,0,48,0,Freelance,1
C0736,675,59141,284000,7700,196900,0,0,0,0,0,16,1,Salaried,0
C0737,599,37514,223000,7200,143100,0,0,0,0,0,47,0,Freelance,0
C0738,703,59721,190000,6100,74200,6000,1,2,1,1,31,0,Business Owner,0
C0739,805,73209,817000,19900,338400,0,0,0,0,0,37,0,Freelance,0
C0740,613,69066,533000,11200,176400,0,0,0,0,0,73,0,Business Owner,0
C0741,583,103739,1534000,46000,1404000,194100,4,6,2,2,25,0,Business Owner,1
C0742,584,61319,325000,9700,62700,9000,1,4,0,0,37,0,Salaried,0
C0743,754,58980,521000,11500,198800,0,0,0,0,0,60,0,Self-Employed,0
C0744,744,27786,384000,9900,296900,0,0,0,0,0,14,0,Business Owner,0
C0745,613,43595,550000,18500,415400,0,0,0,0,0,56,0,Freelance,0
C0746,619,45876,155000,4700,77600,0,0,0,0,0,5,0,Freelance,0
C0747,749,54923,736000,24600,269400,22700,1,3,0,0,69,1,Business Owner,0
C0748,629,29855,176000,4500,155200,0,0,0,0,0,46,0,Freelance,0
C0749,747,66296,527000,16400,249400,0,0,0,1,0,36,0,Salaried,0
C0750,584,40281,259000,6900,99100,22000,3,3,2,2,63,2,Freelance,1
C0751,693,32036,116000,2900,87300,9700,3,4,2,2,32,1,Salaried,1
C0752,788,50634,591000,17300,159900,0,0,1,0,0,60,0,Business Owner,0
C0753,668,53350,670000,18000,276500,16800,1,3,0,0,30,1,Business Owner,0
C0754,716,54439,693000,22500,419800,21400,1,2,1,0,58,0,Business Owner,0
C0755,649,184134,965000,32300,336600,98000,3,3,0,0,62,0,Salaried,1
C0756,627,28590,137000,4000,66600,0,0,0,0,0,41,0,Freelance,0
C0757,586,60056,451000,12200,219000,47600,4,8,2,2,29,2,Salaried,1
C0758,725,46456,599000,16300,412800,0,0,0,0,0,35,0,Freelance,0
C0759,552,70334,711000,17400,138200,16400,1,4,1,1,29,0,Freelance,1
C0760,584,20000,132000,3900,116800,4000,1,3,0,0,45,0,Salaried,0
C0761,686,83103,583000,13500,460700,0,0,0,0,0,45,0,Self-Employed,0
C0762,627,87242,449000,12900,306300,0,0,1,0,0,43,0,Business Owner,0
C0763,566,54830,661000,21200,391600,21200,1,1,3,1,44,0,Freelance,1
C0764,796,125540,1602000,50900,1381100,0,0,1,1,1,72,0,Freelance,0
C0765,655,59949,487000,16600,240000,19000,1,4,2,2,35,0,Salaried,0
C0766,608,28225,263000,6100,225500,6300,1,3,5,0,36,0,Self-Employed,1
C0767,809,37800,397000,9400,219400,0,0,0,0,0,54,0,Business Owner,0
C0768,734,42996,616000,12400,321100,46300,4,5,4,0,42,0,Self-Employed,1
C0769,650,40327,395000,11700,292900,69800,5,8,5,0,35,0,Business Owner,1
C0770,595,20000,84000,1700,57900,0,0,0,0,0,52,0,Freelance,0
C0771,594,62344,606000,21000,342200,0,0,0,1,0,16,0,Freelance,0
C0772,749,35301,228000,5200,211800,0,0,0,0,0,49,0,Salaried,0
C0773,694,25410,366000,10800,294100,0,0,0,1,0,79,0,Salaried,1
C0774,696,47405,538000,14000,163600,16400,1,1,1,0,36,0,Self-Employed,0
C0775,729,35006,404000,11900,185700,0,0,1,0,0,28,0,Self-Employed,0
C0776,515,56064,533000,18300,167800,0,0,0,0,0,49,0,Business Owner,0
C0777,598,64158,665000,17400,447600,0,0,1,0,0,31,0,Salaried,0
C0778,691,65360,758000,23800,273100,21900,1,2,1,1,87,0,Freelance,1
C0779,653,45813,355000,8100,212800,0,0,0,0,0,36,0,Salaried,0
C0780,544,34990,303000,6500,56600,7700,1,3,4,2,45,0,Self-Employed,1
C0781,680,44474,430000,13900,238100,0,0,0,1,1,37,1,Salaried,1
C0782,525,40393,444000,14500,194600,74200,5,8,1,0,43,2,Freelance,1
C0783,718,54103,316000,9600,293900,0,0,0,0,0,63,0,Salaried,0
C0784,703,26813,236000,7300,118700,7200,1,1,0,0,55,0,Self-Employed,0
C0785,729,111483,1617000,32900,1198100,0,0,1,0,0,51,0,Freelance,0
C0786,832,59673,481000,15800,369000,37500,2,3,2,0,26,1,Business Owner,1
C0787,592,34817,510000,15800,219200,33500,2,2,4,2,20,1,Business Owner,1
C0788,675,47135,413000,13800,249100,0,0,0,0,0,37,0,Freelance,0
C0789,698,46953,244000,6000,136100,0,0,0,1,0,15,0,Freelance,0
C0790,767,27283,267000,7100,155400,8200,1,3,1,1,26,0,Freelance,0
C0791,562,29206,305000,6900,252200,0,0,0,1,0,30,0,Self-Employed,0
C0792,686,56660,689000,14600,191900,0,0,0,0,0,23,0,Freelance,0
C0793,665,38573,223000,7400,43300,13400,2,3,3,0,67,2,Self-Employed,1
C0794,615,47157,685000,22700,516300,0,0,0,1,1,66,0,Freelance,0
C0795,694,20000,154000,5300,64400,0,0,1,0,0,50,0,Self-Employed,0
C0796,659,76333,757000,24600,227600,0,0,0,1,0,36,0,Self-Employed,0
C0797,753,169907,2229000,52400,1123400,109100,2,3,0,0,32,2,Salaried,1
C0798,690,44766,667000,18700,464400,18300,1,2,2,1,70,0,Business Owner,0
C0799,792,55415,387000,11200,211300,0,0,0,1,0,59,0,Freelance,0
C0800,561,37981,173000,5700,103200,0,0,0,0,0,15,0,Business Owner,0
C0801,624,24732,312000,10100,122700,47100,4,4,1,1,39,1,Business Owner,1
C0802,730,36493,284000,6500,215000,13100,2,2,2,1,55,2,Salaried,1
C0803,850,119409,1477000,36500,791000,0,0,0,0,0,56,0,Business Owner,0
C0804,645,23411,329000,10900,169600,25800,2,3,1,1,72,0,Business Owner,1
C0805,757,52665,364000,8000,197100,0,0,0,0,0,44,0,Freelance,0
C0806,599,149465,1180000,32400,215200,0,0,1,0,0,52,0,Self-Employed,0
C0807,654,109147,1130000,34300,633000,0,0,0,0,0,71,0,Freelance,0
C0808,637,126898,749000,15000,447900,0,0,1,0,0,31,0,Freelance,0
C0809,764,47079,392000,9500,339800,0,0,0,0,0,8,1,Business Owner,0
C0810,711,45194,596000,19500,333700,0,0,0,0,0,44,0,Business Owner,0
C0811,714,28552,115000,3900,44100,3600,1,5,1,1,38,0,Freelance,1
C0812,794,56516,383000,8100,199800,0,0,0,0,0,35,0,Freelance,0
C0813,613,65892,917000,29700,257600,0,0,0,0,0,32,0,Business Owner,0
C0814,772,76929,427000,9000,158600,9700,1,1,2,1,32,2,Self-Employed,0
C0815,610,48512,490000,15400,148300,0,0,0,1,1,70,0,Self-Employed,0
C0816,602,31331,178000,5500,38800,0,0,0,0,0,68,1,Freelance,0
C0817,686,62110,864000,27800,748000,141600,5,7,1,0,28,1,Self-Employed,1
C0818,673,20897,226000,4900,65600,25700,5,7,0,0,5,0,Freelance,1
C0819,711,51701,671000,18100,496500,37200,2,3,0,0,49,0,Salaried,1
C0820,685,83374,659000,16200,255500,70300,4,7,2,2,45,0,Business Owner,1
C0821,678,67513,580000,17300,135000,66500,4,5,3,3,38,2,Freelance,1
C0822,684,91478,688000,23300,123200,0,0,0,1,0,43,0,Freelance,0
C0823,702,53099,444000,10000,83600,9100,1,2,0,0,45,0,Freelance,0
C0824,647,103988,1387000,30900,517400,28500,1,2,4,4,75,0,Self-Employed,1
C0825,736,52189,178000,5600,129600,0,0,1,1,0,72,1,Freelance,0
C0826,713,26015,182000,3700,56500,13200,3,4,1,0,47,0,Salaried,1
C0827,662,83910,1174000,32200,550700,0,0,0,0,0,71,1,Self-Employed,0
C0828,681,176825,2613000,84800,2297800,301000,3,4,0,0,34,0,Business Owner,1
C0829,536,81109,883000,17900,177900,19200,1,3,2,1,33,0,Salaried,1
C0830,585,107063,1185000,34200,389600,0,0,0,1,1,45,0,Freelance,0
C0831,763,36069,199000,5600,58500,0,0,1,0,0,27,0,Salaried,0
C0832,721,37361,548000,12700,164100,0,0,0,0,0,55,0,Freelance,0
C0833,719,114927,1689000,51200,1462700,0,0,0,0,0,32,0,Salaried,0
C0834,709,87669,460000,12900,173000,15400,1,1,0,0,21,0,Self-Employed,0
C0835,624,58175,633000,15300,109500,15200,1,3,0,0,51,0,Freelance,1
C0836,793,89656,580000,12800,159700,0,0,1,0,0,56,1,Self-Employed,0
C0837,651,53601,480000,13000,191300,0,0,0,0,0,38,0,Salaried,1
C0838,647,43398,294000,9700,125800,0,0,0,0,0,24,0,Freelance,0
C0839,742,77808,761000,20600,655000,0,0,0,1,0,39,0,Business Owner,0
C0840,642,35378,314000,9600,294900,0,0,0,0,0,40,0,Business Owner,0
C0841,704,36512,199000,6700,177700,0,0,1,0,0,53,1,Freelance,0
C0842,802,40234,168000,3500,126400,0,0,1,0,0,52,1,Salaried,0
C0843,669,32797,424000,11500,344900,0,0,0,1,1,5,0,Business Owner,0
C0844,635,36796,193000,5300,152200,0,0,1,0,0,34,0,Freelance,1
C0845,710,62578,372000,11700,59600,12300,1,4,1,1,43,0,Business Owner,1
C0846,638,37078,217000,5100,101100,0,0,0,1,0,45,0,Freelance,0
C0847,662,78263,584000,14300,158800,13900,1,1,4,1,39,1,Salaried,0
C0848,577,41912,309000,6800,159200,7000,1,1,6,1,49,0,Salaried,0
C0849,713,57213,657000,20600,373500,0,0,0,1,0,14,0,Self-Employed,0
C0850,711,60432,649000,16500,255200,53900,3,3,3,1,43,0,Business Owner,1
C0851,641,49765,173000,5000,137500,0,0,0,1,0,72,0,Self-Employed,0
C0852,684,67107,742000,15900,337200,0,0,0,0,0,68,0,Salaried,0
C0853,577,27579,223000,4900,181700,4700,1,5,3,0,50,0,Freelance,0
C0854,621,72480,252000,8800,106400,41100,4,5,1,1,29,0,Salaried,1
C0855,676,44122,171000,4500,31100,0,0,0,0,0,31,0,Salaried,0
C0856,628,20000,240000,8000,45600,0,0,0,0,0,48,1,Freelance,0
C0857,661,41315,319000,7200,174200,0,0,1,0,0,44,0,Self-Employed,0
C0858,766,38957,328000,9100,307000,19700,2,3,2,1,34,1,Business Owner,1
C0859,850,66486,652000,19400,258300,59500,3,4,3,1,68,1,Salaried,1
C0860,642,99902,520000,17700,299500,0,0,0,0,0,38,0,Salaried,0
C0861,489,28263,349000,8800,326700,19700,2,2,7,1,38,0,Business Owner,1
C0862,712,63269,669000,18500,479600,0,0,0,1,0,39,0,Salaried,0
C0863,760,48566,348000,8900,299600,0,0,0,0,0,30,1,Business Owner,0
C0864,727,30483,312000,7100,115000,0,0,0,0,0,58,0,Business Owner,0
C0865,743,41303,429000,13900,251800,32000,2,4,2,2,24,1,Business Owner,1
C0866,841,70307,540000,14800,459300,40400,3,3,1,1,48,0,Freelance,1
C0867,767,39576,209000,6700,141300,6800,1,1,1,1,86,1,Self-Employed,0
C0868,549,173110,1078000,22500,514100,42300,2,3,2,1,40,0,Self-Employed,0
C0869,700,85442,790000,26800,707800,0,0,0,0,0,38,0,Freelance,0
C0870,652,76997,1054000,30500,837600,32500,1,2,0,0,47,0,Self-Employed,0
C0871,687,106708,1101000,34000,187200,0,0,1,0,0,41,0,Self-Employed,0
C0872,800,20000,261000,8100,94500,18300,2,7,2,2,71,0,Self-Employed,1
C0873,609,36475,287000,8900,264700,0,0,1,0,0,13,0,Salaried,0
C0874,706,20000,117000,3400,59000,0,0,0,0,0,25,0,Freelance,0
C0875,836,50968,538000,17200,275200,0,0,0,0,0,9,0,Self-Employed,0
C0876,587,34964,256000,6000,157100,0,0,0,0,0,65,0,Freelance,0
C0877,668,24389,325000,9000,226400,0,0,0,0,0,51,0,Self-Employed,0
C0878,612,117248,526000,13800,160600,16300,1,4,1,1,26,0,Self-Employed,1
C0879,618,46304,665000,22500,463900,20700,1,2,1,0,25,0,Freelance,1
C0880,732,31179,396000,10600,219900,11900,1,2,2,1,46,0,Business Owner,0
C0881,685,73791,674000,16200,605700,0,0,0,0,0,97,0,Freelance,0
C0882,647,82801,1004000,27400,312100,32900,1,1,0,0,56,0,Business Owner,0
C0883,755,20708,240000,8000,196500,0,0,0,0,0,68,0,Salaried,0
C0884,818,23259,349000,9600,110600,10600,1,3,2,2,70,0,Freelance,0
C0885,561,61434,478000,15000,320600,15700,1,2,2,0,32,0,Business Owner,0
C0886,767,46766,617000,17100,441400,38700,2,4,0,0,41,0,Self-Employed,1
C0887,695,70797,898000,23100,473700,0,0,0,0,0,52,0,Salaried,0
C0888,666,27874,202000,5500,170900,0,0,0,1,0,52,0,Freelance,0
C0889,664,42080,177000,5400,30700,0,0,0,2,0,34,0,Business Owner,0
C0890,809,29463,255000,6600,62600,7100,1,2,1,1,72,0,Business Owner,0
C0891,832,68394,227000,6100,44500,12500,2,4,1,1,55,1,Freelance,0
C0892,690,36103,355000,7300,199100,0,0,0,0,0,65,0,Business Owner,0
C0893,604,30861,396000,12100,370400,0,0,0,2,0,59,1,Freelance,1
C0894,841,50108,299000,8700,106500,0,0,0,0,0,10,0,Business Owner,0
C0895,708,25422,316000,7100,74800,0,0,0,2,0,30,0,Self-Employed,0
C0896,686,106090,332000,10000,162300,0,0,0,0,0,27,0,Freelance,0
C0897,696,24211,258000,7200,128300,13300,2,5,3,1,35,2,Freelance,0
C0898,647,30531,396000,13200,118600,0,0,1,0,0,5,0,Salaried,0
C0899,554,178598,2582000,57700,778200,0,0,0,1,0,19,0,Self-Employed,0
C0900,719,37621,403000,12100,328800,0,0,0,0,0,52,0,Freelance,0
C0901,784,34315,257000,7000,122200,0,0,0,4,0,60,1,Business Owner,0
C0902,721,75716,855000,21300,665600,0,0,0,0,0,44,0,Business Owner,0
C0903,631,54699,560000,19000,465000,85900,5,6,1,0,58,1,Business Owner,1
C0904,660,58323,562000,16700,160100,0,0,0,0,0,49,0,Salaried,1
C0905,661,20641,81000,2500,37700,2400,1,4,1,1,69,0,Freelance,0
C0906,549,30967,423000,8800,109600,30600,3,3,1,1,71,1,Business Owner,1
C0907,757,61187,712000,23100,221000,0,0,0,0,0,23,0,Salaried,0
C0908,636,75067,954000,32200,469400,111400,3,6,2,1,24,1,Salaried,1
C0909,651,69597,787000,24600,213400,54400,2,3,1,1,37,1,Freelance,0
C0910,804,68265,570000,11900,449200,41400,3,3,0,0,37,0,Business Owner,1
C0911,753,20000,117000,4100,64400,9100,2,3,1,1,53,2,Self-Employed,1
C0912,736,63149,231000,7300,148100,16400,2,2,2,1,71,1,Business Owner,1
C0913,783,28460,256000,5900,151600,0,0,0,1,0,45,0,Self-Employed,0
C0914,755,61265,747000,19200,398100,17600,1,5,2,0,47,0,Self-Employed,0
C0915,699,122940,1128000,24000,761000,0,0,0,0,0,53,0,Business Owner,0
C0916,663,46850,559000,17400,383800,0,0,0,0,0,9,0,Self-Employed,0
C0917,768,37206,522000,17500,462500,0,0,0,0,0,32,0,Salaried,0
C0918,608,38971,329000,10900,199500,0,0,0,0,0,82,0,Salaried,0
C0919,668,66396,364000,10300,86800,9400,1,2,4,0,30,0,Business Owner,0
C0920,783,60022,371000,8600,288300,0,0,0,0,0,28,0,Freelance,0
C0921,716,20000,229000,8000,114100,0,0,0,1,0,62,1,Salaried,0
C0922,666,30642,263000,9100,182100,10500,1,2,2,1,53,0,Business Owner,1
C0923,621,71976,846000,20100,394400,0,0,0,0,0,44,0,Self-Employed,0
C0924,694,94856,321000,9400,62400,0,0,0,0,0,34,0,Salaried,0
C0925,757,37345,116000,2300,87900,0,0,0,1,0,50,0,Business Owner,0
C0926,774,50719,583000,17100,318800,16500,1,2,2,2,32,0,Business Owner,1
C0927,677,35385,413000,10700,133700,0,0,0,1,0,21,0,Freelance,0
C0928,526,24006,277000,9400,189300,26200,3,4,0,0,58,2,Self-Employed,1
C0929,634,41286,132000,2900,50700,0,0,0,0,0,69,0,Self-Employed,0
C0930,617,43298,248000,8300,231600,0,0,1,0,0,24,0,Self-Employed,0
C0931,553,40092,281000,7100,257800,0,0,0,0,0,37,0,Business Owner,0
C0932,536,47850,470000,12600,234000,11800,1,3,0,0,66,1,Business Owner,1
C0933,704,59531,589000,12500,217100,28000,2,3,1,0,50,3,Self-Employed,1
C0934,736,52142,359000,9100,66900,0,0,0,1,0,54,0,Business Owner,0
C0935,619,30040,397000,10700,67200,0,0,0,1,0,30,0,Freelance,0
C0936,651,74539,515000,10600,345600,0,0,0,1,0,45,0,Business Owner,0
C0937,618,67960,765000,19300,428000,0,0,0,0,0,32,0,Business Owner,0
C0938,590,33972,210000,4900,64400,18800,4,4,3,0,39,0,Salaried,1
C0939,721,66354,908000,30800,309200,0,0,0,1,1,37,0,Freelance,0
C0940,674,40982,138000,3500,39800,15100,4,5,0,0,16,1,Salaried,1
C0941,653,33253,227000,5100,181200,0,0,0,0,0,70,0,Self-Employed,0
C0942,586,99052,945000,25800,429900,0,0,1,0,0,59,0,Self-Employed,0
C0943,650,41215,449000,14800,387900,0,0,0,0,0,48,0,Freelance,0
C0944,686,62598,892000,17900,542500,0,0,0,1,0,36,2,Business Owner,0
C0945,622,47940,444000,11400,82500,12100,1,2,6,2,63,0,Salaried,1
C0946,563,44332,593000,15600,444900,0,0,0,1,0,69,1,Freelance,0
C0947,800,59341,717000,20000,465900,0,0,0,1,1,43,0,Salaried,0
C0948,669,47430,534000,11300,166900,13400,1,2,2,0,46,0,Business Owner,1
C0949,700,89033,1198000,35600,1086500,72400,2,6,3,1,32,1,Salaried,1
C0950,569,37725,266000,9300,215500,0,0,1,0,0,56,0,Freelance,0
C0951,690,20000,187000,6200,85000,0,0,0,2,0,42,0,Business Owner,0
C0952,571,44071,605000,20900,322400,74800,3,5,2,1,37,0,Business Owner,1
C0953,850,78447,808000,20900,393500,0,0,0,1,0,47,1,Freelance,0
C0954,565,146652,1432000,32000,1195600,0,0,0,0,0,24,1,Business Owner,0
C0955,744,132681,471000,16000,307300,0,0,0,1,0,58,0,Salaried,0
C0956,760,27978,197000,6800,45500,0,0,0,0,0,52,2,Self-Employed,0
C0957,650,78666,543000,15100,101300,0,0,0,1,1,62,0,Freelance,0
C0958,673,71088,840000,23100,532100,25500,1,3,1,1,41,0,Salaried,0
C0959,648,54795,178000,5500,89200,0,0,1,0,0,76,0,Business Owner,0
C0960,701,52852,557000,17700,160000,38600,2,2,3,0,37,0,Self-Employed,1
C0961,722,37918,498000,11900,204400,51900,4,6,1,1,38,1,Salaried,1
C0962,621,36163,326000,8600,239000,16500,2,7,0,0,68,3,Freelance,1
C0963,675,53770,387000,10900,176800,34600,3,5,1,1,47,0,Business Owner,1
C0964,709,49307,182000,5200,78200,0,0,0,0,0,44,0,Freelance,0
C0965,627,46629,469000,14700,225400,13900,1,1,3,2,39,0,Salaried,1
C0966,613,28495,296000,6700,142200,0,0,0,1,1,39,0,Self-Employed,0
C0967,659,59359,320000,8800,278500,20900,2,5,2,1,59,1,Salaried,1
C0968,732,22843,190000,5500,72700,0,0,0,0,0,67,0,Salaried,0
C0969,557,22404,136000,3000,95800,11400,4,8,0,0,30,1,Business Owner,1
C0970,653,58103,661000,15400,135300,0,0,0,1,0,14,0,Freelance,0
C0971,616,20000,190000,4900,148600,5900,1,4,1,0,16,0,Salaried,0
C0972,614,41153,270000,9000,105700,0,0,0,0,0,67,0,Salaried,0
C0973,843,30113,268000,8900,157500,0,0,1,1,0,54,0,Self-Employed,0
C0974,605,134505,1501000,32500,1379500,0,0,0,0,0,76,0,Self-Employed,0
C0975,775,60843,202000,5400,152900,0,0,0,0,0,28,0,Freelance,0
C0976,667,60395,645000,18100,517600,0,0,0,1,0,88,2,Freelance,0
C0977,600,37257,512000,16000,120100,0,0,0,1,0,52,0,Business Owner,0
C0978,762,40719,202000,4900,37300,0,0,0,1,0,36,0,Freelance,0
C0979,778,67410,528000,16300,368100,0,0,0,0,0,6,0,Self-Employed,0
C0980,687,36612,257000,5800,105200,34000,5,7,2,2,50,1,Freelance,1
C0981,707,20000,258000,5500,110600,0,0,0,0,0,52,1,Salaried,0
C0982,646,32007,108000,2200,50400,0,0,1,0,0,22,0,Freelance,0
C0983,703,63900,459000,13200,183000,0,0,0,0,0,17,0,Freelance,0
C0984,694,67235,269000,9000,98200,10000,1,3,2,2,34,1,Business Owner,1
C0985,699,27973,332000,7000,294400,0,0,0,0,0,43,1,Salaried,0
C0986,668,55948,324000,7900,163000,7200,1,5,3,0,62,1,Business Owner,1
C0987,779,53383,505000,14000,441400,0,0,1,0,0,34,0,Self-Employed,0
C0988,670,24498,274000,8100,134800,0,0,0,0,0,70,0,Freelance,0
C0989,742,33092,323000,10600,279600,0,0,0,0,0,57,0,Freelance,0
C0990,586,20000,78000,2100,42500,0,0,0,0,0,27,0,Self-Employed,0
C0991,687,77559,884000,28700,692400,0,0,1,0,0,48,0,Business Owner,0
C0992,776,20000,63000,1600,12600,0,0,0,0,0,39,0,Salaried,0
C0993,645,51021,218000,6200,135800,13400,2,4,1,1,63,1,Business Owner,1
C0994,745,43135,138000,4200,126100,0,0,1,1,1,11,0,Business Owner,0
C0995,799,24844,317000,7800,101700,0,0,0,1,1,31,0,Salaried,0
C0996,682,21109,269000,8400,167500,0,0,0,1,0,55,0,Freelance,1
C0997,722,75216,823000,17300,361800,0,0,1,0,0,8,0,Business Owner,0
C0998,635,44905,618000,12700,563700,0,0,1,0,0,5,0,Self-Employed,0
C0999,720,81694,405000,12600,296300,0,0,1,0,0,17,0,Salaried,1
C1000,666,26287,157000,3700,133500,0,0,0,0,0,20,0,Freelance,0
C1001,708,46210,185000,5500,171600,0,0,0,0,0,69,0,Salaried,0
C1002,722,77978,734000,17300,546900,0,0,0,1,1,22,1,Self-Employed,1
C1003,770,66460,482000,16500,400300,0,0,0,0,0,44,0,Salaried,0
C1004,559,29614,279000,8300,198900,25700,3,7,5,0,33,1,Salaried,1
C1005,600,28893,249000,5100,194600,21500,4,6,1,1,50,1,Business Owner,1
C1006,644,55122,545000,15600,480300,0,0,0,0,0,29,0,Self-Employed,0
C1007,648,54265,309000,9300,267500,32200,3,6,2,1,34,0,Self-Employed,1
C1008,673,74618,799000,17200,698000,0,0,0,1,0,47,0,Self-Employed,0
C1009,683,50852,294000,7400,52500,0,0,0,0,0,47,0,Salaried,0
C1010,741,64150,767000,22600,377000,0,0,0,0,0,51,0,Self-Employed,0
C1011,577,51691,652000,17800,397100,19300,1,4,3,3,46,0,Self-Employed,1
C1012,775,75905,441000,11300,118100,0,0,0,1,0,62,0,Self-Employed,0
C1013,714,20000,212000,6100,187000,0,0,1,0,0,35,0,Business Owner,1
C1014,635,112387,759000,23900,619300,0,0,0,0,0,32,0,Self-Employed,0
C1015,727,31880,230000,6200,61800,0,0,0,0,0,50,0,Salaried,0
C1016,615,43520,404000,11200,211900,0,0,0,1,0,49,0,Business Owner,0
C1017,705,80877,587000,12000,340400,0,0,0,1,0,47,0,Self-Employed,0
C1018,798,70311,853000,26900,580700,28500,1,3,1,1,55,1,Self-Employed,1
C1019,562,126077,885000,25200,686700,141800,5,8,2,0,10,1,Business Owner,1
C1020,686,87458,643000,15200,306700,0,0,0,0,0,17,0,Self-Employed,0
C1021,681,20000,210000,4900,152200,0,0,0,1,1,62,0,Salaried,0
C1022,647,106703,1021000,21400,226500,0,0,0,0,0,76,0,Salaried,0
C1023,822,50878,457000,13300,396800,0,0,0,0,0,45,0,Self-Employed,0
C1024,749,34608,216000,6700,137900,32100,4,4,0,0,61,2,Salaried,1
C1025,837,34740,288000,8800,189300,25900,3,5,1,0,54,1,Business Owner,1
C1026,585,67140,366000,9100,57000,0,0,0,1,0,62,0,Self-Employed,0
C1027,776,35132,368000,10000,284600,32700,3,8,0,0,58,1,Business Owner,1
C1028,600,48377,419000,9900,179900,11600,1,1,2,2,41,0,Salaried,1
C1029,646,51278,204000,5600,96900,0,0,0,1,0,38,0,Self-Employed,0
C1030,618,20080,297000,6600,173000,6100,1,3,1,0,33,0,Business Owner,0
C1031,654,47769,708000,18100,547200,32800,2,3,3,3,37,1,Salaried,1
C1032,688,20581,180000,5200,96000,0,0,0,0,0,73,0,Self-Employed,0
C1033,703,42890,201000,5200,42300,0,0,0,2,1,81,0,Freelance,0
C1034,698,25358,296000,9900,253700,0,0,0,0,0,50,0,Salaried,0
C1035,678,53909,624000,19900,340300,0,0,0,0,0,71,1,Salaried,0
C1036,600,39858,450000,15500,298200,0,0,0,0,0,74,1,Freelance,0
C1037,682,53162,229000,6200,178600,6900,1,1,2,1,59,0,Freelance,0
C1038,572,74171,930000,21800,257700,0,0,0,0,0,53,0,Business Owner,0
C1039,681,28738,93000,2400,19500,0,0,0,0,0,68,0,Salaried,0
C1040,591,20000,195000,6700,46200,14700,2,5,4,1,9,0,Freelance,1
C1041,785,47880,304000,8500,129500,47400,5,6,2,0,66,0,Self-Employed,1
C1042,443,37738,554000,19300,371300,35000,2,4,2,2,48,0,Salaried,1
C1043,739,80207,355000,10200,328500,40200,4,6,2,1,55,2,Business Owner,1
C1044,658,31664,389000,10200,361000,0,0,0,1,0,56,0,Freelance,0
C1045,573,26129,181000,4300,115300,0,0,0,0,0,47,0,Salaried,0
C1046,583,59128,518000,15500,257000,0,0,0,0,0,38,0,Salaried,0
C1047,646,45859,681000,16300,171100,50100,3,4,0,0,28,0,Freelance,1
C1048,638,84400,856000,19300,341600,57100,3,6,2,1,68,0,Freelance,1
C1049,654,47902,279000,6800,66800,0,0,0,0,0,72,1,Freelance,1
C1050,850,29662,202000,6400,187300,0,0,0,0,0,57,0,Salaried,0
C1051,671,44131,454000,9900,239400,0,0,0,0,0,58,0,Freelance,0
C1052,605,69898,358000,9100,240800,9500,1,1,1,0,70,0,Freelance,0
C1053,664,21387,155000,3900,127700,0,0,1,0,0,77,0,Salaried,0
C1054,616,38755,485000,10200,104400,24200,2,3,3,0,43,1,Salaried,1
C1055,673,98188,1066000,24300,614900,53900,2,4,2,1,45,0,Business Owner,1
C1056,743,43563,142000,3900,127100,0,0,0,0,0,58,0,Self-Employed,0
C1057,773,38357,239000,7900,46400,0,0,0,0,0,34,0,Salaried,0
C1058,714,66188,609000,17400,154600,0,0,0,0,0,21,0,Self-Employed,0
C1059,552,31747,250000,7200,123100,21800,3,4,4,1,44,0,Business Owner,1
C1060,717,60201,470000,12400,126200,27800,2,2,1,1,69,1,Business Owner,1
C1061,613,65989,783000,21300,401700,0,0,0,0,0,75,0,Freelance,0
C1062,754,85038,1093000,32400,515800,0,0,0,1,0,47,0,Business Owner,0
C1063,616,68510,926000,25800,797700,28800,1,2,6,2,58,1,Freelance,1
C1064,764,76574,838000,23600,716800,0,0,0,1,1,51,0,Freelance,0
C1065,710,32270,441000,11600,212000,0,0,0,3,0,55,0,Salaried,0
C1066,553,99921,368000,11100,151800,21600,2,5,1,1,56,1,Salaried,1
C1067,594,55165,193000,5000,125100,5300,1,2,0,0,15,0,Self-Employed,0
C1068,698,60594,775000,25600,719300,0,0,0,0,0,76,0,Freelance,0
C1069,690,20000,148000,4600,125700,0,0,0,1,0,28,0,Freelance,0
C1070,605,89149,941000,28100,693500,0,0,0,0,0,75,0,Self-Employed,0
C1071,734,85341,1005000,32300,780500,0,0,0,1,0,63,1,Freelance,0
C1072,661,60638,456000,13600,188800,0,0,0,0,0,33,0,Business Owner,0
C1073,796,27971,160000,3800,97600,0,0,0,1,0,49,2,Freelance,0
C1074,671,42872,423000,13000,249700,0,0,0,0,0,76,0,Freelance,0
C1075,605,100194,1108000,36000,922000,69000,2,5,2,0,27,0,Freelance,1
C1076,747,21168,155000,3100,35300,0,0,0,0,0,40,0,Salaried,0
C1077,645,133448,1731000,37200,460100,110500,3,4,0,0,29,1,Business Owner,1
C1078,824,26951,334000,10100,229500,11300,1,1,2,2,41,1,Freelance,1
C1079,626,20000,260000,7800,51300,0,0,0,1,0,47,0,Business Owner,0
C1080,822,49806,436000,10600,192100,0,0,0,0,0,29,0,Business Owner,0
C1081,623,71562,435000,10700,273400,11000,1,4,3,1,33,0,Business Owner,1
C1082,773,49440,594000,18800,543600,20500,1,4,0,0,19,0,Self-Employed,1
C1083,588,26344,345000,10300,247800,0,0,1,0,0,67,0,Freelance,1
C1084,683,64697,488000,15300,278000,54500,3,4,1,0,15,0,Salaried,1
C1085,700,49973,503000,10500,95800,0,0,0,0,0,54,1,Salaried,0
C1086,725,38494,443000,15300,268900,31200,2,3,2,0,68,1,Salaried,0
C1087,588,43318,638000,15100,462000,15600,1,2,0,0,41,0,Salaried,0
C1088,674,20000,91000,2900,58600,2900,1,3,1,1,47,0,Freelance,1
C1089,786,125986,978000,34100,836700,0,0,0,0,0,63,0,Salaried,0
C1090,682,27124,292000,8100,251500,0,0,0,0,0,26,0,Business Owner,0
C1091,783,66637,638000,17900,140700,0,0,0,0,0,37,0,Self-Employed,0
C1092,623,27014,104000,2600,53900,0,0,0,1,0,81,0,Salaried,0
C1093,521,37793,437000,12100,121600,0,0,0,1,1,16,0,Business Owner,0
C1094,769,44416,160000,5300,133100,0,0,0,0,0,75,1,Salaried,0
C1095,612,57367,429000,9500,366800,0,0,0,0,0,37,0,Freelance,0
C1096,719,32321,365000,9800,94200,11300,1,2,1,1,36,0,Business Owner,0
C1097,702,52986,196000,4000,139000,4400,1,2,3,3,17,0,Freelance,1
C1098,749,48737,367000,8600,233600,0,0,0,0,0,41,2,Salaried,0
C1099,660,63848,760000,23300,293200,0,0,0,0,0,51,0,Business Owner,0
C1100,676,93036,554000,15300,146000,0,0,0,0,0,54,0,Business Owner,0
C1101,717,51568,273000,9300,128600,0,0,0,0,0,43,2,Business Owner,0
C1102,648,62782,569000,19600,516400,0,0,0,0,0,31,0,Salaried,0
C1103,624,60927,525000,13300,310000,0,0,0,0,0,63,0,Self-Employed,0
C1104,619,94658,1246000,31000,886600,35600,1,4,3,2,49,1,Self-Employed,1
C1105,681,22956,302000,9900,194200,0,0,0,1,0,41,0,Freelance,0
C1106,721,35216,127000,3600,49000,10400,3,3,1,1,37,0,Self-Employed,0
C1107,723,91561,646000,19700,532900,0,0,0,1,0,30,0,Salaried,0
C1108,671,94659,503000,10800,374600,0,0,0,0,0,69,0,Business Owner,0
C1109,696,30362,343000,11400,291300,0,0,0,1,0,58,2,Business Owner,0
C1110,714,51902,313000,6600,170300,6400,1,1,0,0,61,0,Salaried,0
C1111,748,64038,867000,25700,747400,0,0,0,1,1,55,0,Business Owner,0
C1112,836,74923,1007000,31900,658700,0,0,0,1,0,5,0,Self-Employed,0
C1113,547,37775,376000,7900,101400,0,0,0,0,0,42,0,Freelance,0
C1114,636,56000,765000,25700,179000,0,0,0,0,0,76,0,Salaried,0
C1115,607,94697,1119000,38200,251200,84100,2,4,2,1,59,1,Business Owner,1
C1116,782,43375,536000,14800,187500,0,0,0,1,0,5,0,Salaried,0
C1117,678,53260,203000,6100,38000,6600,1,3,3,0,59,1,Self-Employed,1
C1118,832,37081,154000,4000,139200,0,0,1,0,0,45,2,Business Owner,1
C1119,704,67686,413000,13800,203800,0,0,0,1,0,25,0,Business Owner,0
C1120,565,201205,1814000,43000,1266400,0,0,0,1,0,48,0,Business Owner,0
C1121,778,94476,1259000,27800,621900,32500,1,1,2,0,32,0,Business Owner,0
C1122,688,44797,374000,11600,260200,10700,1,3,0,0,27,0,Salaried,0
C1123,734,52433,375000,11300,117700,0,0,0,0,0,41,0,Self-Employed,0
C1124,724,117243,1654000,33700,1185200,32400,1,3,2,0,44,2,Self-Employed,1
C1125,697,69797,916000,30700,465700,29400,1,1,1,0,9,0,Freelance,0
C1126,723,53641,230000,4900,191400,0,0,0,0,0,30,1,Salaried,0
C1127,649,57506,326000,9300,118000,0,0,0,0,0,14,0,Self-Employed,0
C1128,662,47347,700000,20600,385400,42800,2,3,1,1,57,1,Salaried,0
C1129,598,32933,351000,9000,228500,21100,2,3,5,0,55,0,Salaried,1
C1130,825,53965,233000,5600,213600,0,0,0,0,0,57,0,Self-Employed,0
C1131,698,42508,527000,10700,240700,33300,3,5,1,1,51,2,Freelance,1
C1132,704,93713,495000,14900,356500,0,0,0,0,0,53,0,Freelance,0
C1133,748,40441,142000,3800,107900,0,0,1,0,0,58,0,Freelance,0
C1134,784,23482,115000,2700,108500,0,0,1,0,0,5,0,Business Owner,0
C1135,590,38260,267000,7600,195200,0,0,0,0,0,45,0,Self-Employed,0
C1136,779,61895,488000,12100,254100,11400,1,2,0,0,58,0,Business Owner,0
C1137,636,24379,205000,6900,122600,7700,1,4,2,2,44,0,Business Owner,1
C1138,718,66806,778000,27200,278100,0,0,0,0,0,48,0,Business Owner,0
C1139,627,27714,210000,7300,32400,0,0,1,1,1,30,0,Salaried,1
C1140,701,83267,1151000,34900,1066800,0,0,0,0,0,52,0,Salaried,0
C1141,722,28253,152000,4400,105200,0,0,0,0,0,66,0,Self-Employed,0
C1142,655,68999,280000,5800,232900,0,0,0,0,0,31,0,Self-Employed,0
C1143,777,30873,355000,9900,274000,0,0,0,1,0,46,1,Salaried,0
C1144,712,20000,160000,4300,138600,0,0,0,0,0,57,0,Salaried,0
C1145,679,120077,1182000,36300,912600,36400,1,2,1,1,5,0,Business Owner,0
C1146,725,30060,424000,11900,360900,24600,2,3,3,1,72,1,Freelance,1
C1147,730,58318,535000,15400,150000,14700,1,3,1,1,66,0,Freelance,1
C1148,658,35173,432000,13300,275900,0,0,0,1,0,29,2,Freelance,1
C1149,577,27863,109000,2400,20300,10500,4,5,2,1,15,3,Freelance,1
C1150,634,79470,623000,14700,537400,0,0,0,0,0,80,0,Freelance,0
C1151,711,117376,731000,25600,454500,0,0,0,1,0,58,0,Business Owner,0
C1152,786,33239,395000,11500,151400,0,0,0,1,0,5,0,Self-Employed,0
C1153,606,53288,283000,9900,86700,0,0,0,1,0,58,0,Salaried,0
C1154,687,45169,319000,8100,78100,9100,1,3,0,0,72,0,Business Owner,0
C1155,662,36308,207000,6400,112200,0,0,0,0,0,72,0,Freelance,0
C1156,656,20000,299000,7900,218600,0,0,0,0,0,59,0,Salaried,0
C1157,633,52251,206000,4200,92000,0,0,0,0,0,55,0,Business Owner,0
C1158,749,36187,189000,4600,56200,0,0,0,0,0,5,0,Freelance,0
C1159,659,29471,169000,4000,146000,0,0,0,1,0,50,0,Business Owner,0
C1160,835,44806,265000,7400,184900,0,0,1,1,1,74,0,Salaried,0
C1161,702,43051,578000,17400,393800,0,0,0,0,0,38,1,Self-Employed,0
C1162,735,24008,338000,7200,186700,0,0,0,1,0,73,0,Freelance,0
C1163,591,74796,763000,23100,399300,48000,2,4,0,0,43,0,Salaried,1
C1164,695,23860,151000,4100,75400,11300,3,3,3,1,44,1,Salaried,1
C1165,612,101996,812000,20800,470300,0,0,1,1,0,46,1,Self-Employed,1
C1166,688,36159,535000,14100,171000,0,0,0,0,0,26,0,Business Owner,0
C1167,698,41031,303000,10100,270100,53300,5,7,2,1,45,1,Self-Employed,1
C1168,607,55908,511000,14000,101300,0,0,0,1,1,90,0,Self-Employed,0
C1169,671,49750,512000,14000,157100,0,0,1,0,0,64,1,Business Owner,0
C1170,679,98881,767000,26100,428200,0,0,0,0,0,48,0,Business Owner,0
C1171,717,50091,342000,7700,191100,0,0,0,2,0,52,0,Business Owner,0
C1172,610,22287,131000,2700,75200,9300,3,3,4,3,81,1,Salaried,1
C1173,661,35161,289000,6900,83300,8200,1,2,2,2,65,0,Salaried,1
C1174,630,56776,249000,7800,91200,0,0,1,0,0,12,0,Freelance,0
C1175,692,102965,435000,13300,191500,46300,3,4,2,2,54,0,Freelance,1
C1176,615,72554,860000,27500,299100,0,0,0,0,0,47,2,Self-Employed,0
C1177,789,20000,127000,2900,68000,0,0,0,1,0,52,0,Self-Employed,0
C1178,568,51551,581000,19500,163200,64900,3,4,2,2,39,1,Freelance,1
C1179,774,46400,321000,8100,278100,0,0,0,0,0,39,0,Self-Employed,0
C1180,638,20000,101000,3100,30100,6900,2,5,1,0,37,0,Business Owner,0
C1181,565,64571,448000,11100,184200,0,0,0,0,0,48,0,Salaried,0
C1182,625,44749,571000,16400,193300,0,0,0,0,0,26,0,Freelance,0
C1183,600,36194,333000,11200,61600,0,0,0,0,0,32,0,Salaried,0
C1184,543,36200,386000,10100,241500,9600,1,4,2,2,18,0,Freelance,1
C1185,830,48923,584000,18100,278900,0,0,0,0,0,25,0,Salaried,0
C1186,634,138178,1962000,63700,1078000,0,0,0,0,0,30,0,Freelance,0
C1187,849,85206,446000,13600,92100,0,0,0,0,0,35,0,Salaried,0
C1188,622,37134,456000,11300,362000,23700,2,6,1,0,56,0,Business Owner,1
C1189,850,32653,195000,4800,125000,0,0,0,1,0,69,0,Freelance,0
C1190,602,42123,566000,11500,227900,44100,4,8,1,0,47,1,Freelance,1
C1191,774,38274,360000,7800,283600,0,0,0,0,0,61,0,Freelance,0
C1192,633,35656,127000,3000,54100,0,0,0,1,0,50,0,Business Owner,0
C1193,563,39990,154000,4300,145100,0,0,0,1,0,26,0,Salaried,0
C1194,720,95981,567000,15800,191000,0,0,0,1,1,82,0,Freelance,0
C1195,703,193763,2533000,83600,1438300,0,0,0,0,0,35,0,Salaried,0
C1196,708,89838,1345000,42800,496200,41500,1,2,2,0,35,0,Business Owner,0
C1197,686,96745,1348000,33600,371200,0,0,0,1,1,39,0,Self-Employed,0
C1198,580,36818,348000,11300,142300,12800,1,3,1,1,59,0,Freelance,1
C1199,706,38392,390000,11400,126700,0,0,0,0,0,67,0,Business Owner,0
C1200,643,20729,78000,2600,47200,2600,1,3,1,1,25,2,Salaried,1
C1201,668,49101,368000,8000,177700,0,0,0,0,0,64,0,Freelance,0
C1202,538,65659,430000,10900,278700,43700,4,6,0,0,27,1,Salaried,1
C1203,792,70650,508000,17400,364400,0,0,0,1,0,19,0,Self-Employed,0
C1204,850,49651,273000,8700,248000,0,0,0,0,0,65,1,Freelance,0
C1205,632,49495,190000,3800,167300,0,0,0,1,0,60,0,Freelance,0
C1206,631,32656,209000,6300,67800,0,0,0,0,0,46,0,Salaried,0
C1207,598,58536,558000,14400,281200,0,0,0,0,0,53,0,Freelance,0
C1208,608,42813,231000,4800,115600,0,0,0,0,0,62,0,Business Owner,0
C1209,780,47558,324000,8100,243400,0,0,0,1,0,73,1,Business Owner,0
C1210,685,41510,269000,7100,145500,13600,2,4,1,0,65,1,Self-Employed,1
C1211,530,48323,592000,13000,451400,0,0,0,3,0,14,0,Business Owner,1
C1212,636,54390,381000,7700,285600,0,0,0,1,0,57,0,Self-Employed,0
C1213,689,73483,646000,13400,387300,0,0,0,0,0,70,0,Salaried,0
C1214,589,92770,681000,16800,490100,17600,1,5,2,1,62,0,Salaried,1
C1215,683,86764,818000,26900,443700,0,0,0,0,0,54,2,Self-Employed,0
C1216,685,48360,545000,14100,387700,14800,1,3,3,0,44,0,Business Owner,1
C1217,699,77752,880000,22700,152500,0,0,1,3,1,39,2,Business Owner,0
C1218,583,25125,91000,2000,27700,0,0,0,0,0,61,0,Self-Employed,0
C1219,733,31365,399000,8800,215200,8700,1,3,5,0,73,0,Self-Employed,0
C1220,649,29581,133000,3500,24200,3700,1,3,1,1,18,0,Salaried,0
C1221,750,56789,395000,10300,345600,0,0,1,1,0,47,0,Self-Employed,0
C1222,606,49946,596000,12900,282500,0,0,0,1,1,30,2,Business Owner,0
C1223,680,67562,585000,15600,244500,0,0,0,0,0,52,0,Self-Employed,0
C1224,689,59728,883000,21800,264000,0,0,0,1,0,45,0,Self-Employed,0
C1225,536,92239,373000,10100,280400,9500,1,4,0,0,31,0,Self-Employed,0
C1226,721,35014,394000,8700,217400,0,0,0,1,0,17,0,Salaried,0
C1227,665,66073,742000,21500,423100,0,0,0,0,0,39,0,Self-Employed,0
C1228,603,41034,463000,12600,181200,14600,1,2,2,1,46,2,Freelance,1
C1229,645,25181,177000,4500,134200,0,0,0,1,1,48,0,Freelance,0
C1230,642,51843,759000,25600,345100,0,0,0,1,0,7,1,Freelance,0
C1231,850,52741,515000,10800,322700,10700,1,4,4,1,40,0,Business Owner,0
C1232,615,32770,418000,9000,136900,0,0,0,0,0,58,1,Business Owner,0
C1233,613,128219,557000,17100,525900,0,0,0,0,0,65,0,Self-Employed,0
C1234,691,57813,338000,8400,300000,0,0,0,0,0,60,0,Freelance,0
C1235,657,33003,160000,3400,106000,0,0,0,1,0,35,0,Salaried,0
C1236,708,154025,2256000,68700,2043400,81300,1,2,2,2,54,0,Freelance,1
C1237,658,63758,476000,10200,414100,11500,1,3,1,1,23,0,Freelance,1
C1238,500,23823,292000,7900,228100,7200,1,3,0,0,33,0,Business Owner,0
C1239,781,30484,283000,6600,234000,0,0,0,0,0,24,0,Business Owner,0
C1240,682,24505,133000,4200,45600,0,0,0,3,0,45,0,Salaried,0
C1241,850,28485,274000,9400,162100,0,0,0,0,0,30,0,Business Owner,0
C1242,567,93513,635000,18500,162700,18000,1,1,0,0,35,0,Salaried,0
C1243,626,80503,1135000,28300,236100,0,0,1,0,0,26,0,Business Owner,0
C1244,850,41099,462000,9600,224000,0,0,0,0,0,22,0,Freelance,0
C1245,660,27861,352000,8500,229000,9700,1,5,1,1,80,0,Freelance,1
C1246,686,57723,287000,5800,222900,6600,1,4,4,1,88,0,Salaried,0
C1247,692,42587,197000,5800,80700,0,0,0,1,1,44,2,Salaried,0
C1248,686,44599,354000,8700,96700,0,0,0,0,0,45,0,Business Owner,0
C1249,664,60779,445000,12100,266700,0,0,0,1,0,63,0,Business Owner,0
C1250,701,37259,434000,9800,74900,0,0,0,1,0,50,2,Salaried,0
C1251,648,70683,849000,27800,588100,129700,5,6,2,2,29,2,Salaried,1
C1252,732,48982,700000,15900,208700,44700,3,3,1,0,20,1,Freelance,0
C1253,655,31078,441000,14600,205200,0,0,0,2,0,53,0,Freelance,0
C1254,683,39392,399000,9200,126300,32400,3,5,2,0,43,0,Salaried,1
C1255,630,74805,521000,13700,258900,31200,2,5,0,0,63,3,Freelance,1
C1256,791,66863,387000,8700,293200,0,0,0,0,0,53,1,Self-Employed,0
C1257,664,74249,428000,10100,291000,0,0,0,1,0,20,0,Business Owner,0
C1258,545,70649,754000,24500,715100,0,0,0,0,0,33,0,Freelance,0
C1259,526,68047,485000,11800,249500,25000,2,4,1,0,81,0,Self-Employed,1
C1260,730,54633,275000,8600,59700,0,0,0,0,0,17,0,Salaried,0
C1261,706,57715,750000,16700,490700,53000,3,6,5,1,61,0,Freelance,1
C1262,689,29144,364000,8400,195800,0,0,0,1,0,7,1,Salaried,0
C1263,501,42962,297000,7100,173900,0,0,0,0,0,48,0,Business Owner,0
C1264,725,42542,174000,5800,78500,0,0,0,0,0,70,0,Salaried,0
C1265,774,69906,692000,16500,608900,15200,1,3,4,0,20,0,Self-Employed,0
C1266,636,52638,626000,13600,429300,0,0,0,2,0,39,0,Salaried,0
C1267,723,41499,469000,14100,207400,42800,3,3,2,0,41,1,Self-Employed,1
C1268,766,57362,205000,6600,95400,7700,1,2,1,1,65,0,Freelance,0
C1269,718,72779,933000,26300,643900,0,0,0,0,0,14,0,Freelance,0
C1270,652,82148,984000,22300,481700,23200,1,3,1,0,36,2,Self-Employed,1
C1271,477,28722,284000,6100,253900,0,0,0,0,0,45,0,Business Owner,0
C1272,711,26741,98000,2900,58100,0,0,1,3,2,44,0,Business Owner,1
C1273,807,32631,456000,9700,382700,0,0,0,0,0,44,0,Business Owner,0
C1274,698,87182,924000,21100,751100,0,0,0,2,0,39,0,Freelance,1
C1275,565,63848,572000,13300,536100,0,0,0,2,0,23,0,Freelance,1
C1276,657,48872,715000,22400,198100,25800,1,2,2,1,74,0,Business Owner,1
C1277,801,44657,167000,5100,134600,0,0,0,0,0,21,1,Salaried,0
C1278,614,23582,127000,4400,71600,0,0,0,1,1,58,1,Business Owner,0
C1279,768,46518,574000,14900,474500,44100,3,3,2,1,54,0,Salaried,1
C1280,736,55540,638000,13200,523700,0,0,0,1,0,66,0,Business Owner,0
C1281,766,20000,130000,4500,49800,0,0,0,0,0,73,0,Salaried,0
C1282,714,45956,354000,9900,153700,0,0,1,2,0,37,0,Freelance,0
C1283,681,58535,304000,6200,131900,0,0,1,2,0,77,0,Business Owner,0
C1284,651,36677,478000,16000,277800,65900,4,6,2,0,37,0,Business Owner,1
C1285,669,47846,493000,14100,112200,0,0,1,1,0,35,0,Self-Employed,0
C1286,847,57028,684000,16200,278700,0,0,0,3,0,40,0,Business Owner,0
C1287,532,41842,515000,16900,250500,0,0,0,0,0,46,0,Salaried,0
C1288,689,119581,520000,15500,331500,0,0,1,0,0,43,0,Self-Employed,0
C1289,655,127497,532000,14400,114500,0,0,0,1,0,59,0,Business Owner,0
C1290,834,32927,375000,12400,110400,0,0,0,2,0,18,1,Business Owner,0
C1291,762,94779,648000,15300,274700,0,0,0,0,0,47,0,Freelance,0
C1292,687,53349,443000,9900,352200,0,0,0,1,0,44,0,Self-Employed,0
C1293,765,71372,394000,10800,87200,0,0,0,0,0,32,0,Salaried,1
C1294,686,71075,742000,22200,444500,0,0,0,1,0,49,0,Business Owner,0
C1295,669,33499,197000,5800,156700,0,0,0,2,0,51,2,Freelance,0
C1296,665,55024,328000,11200,84700,13200,1,3,2,2,12,0,Business Owner,1
C1297,768,75241,929000,23800,707600,55800,2,5,5,1,39,3,Self-Employed,1
C1298,639,106197,938000,30100,363000,64900,2,5,5,1,59,1,Salaried,1
C1299,624,61116,303000,6800,261400,24000,3,4,1,0,42,1,Freelance,1
C1300,576,36851,414000,12700,153100,0,0,1,1,0,39,0,Business Owner,0
C1301,611,20453,171000,5600,71900,0,0,0,0,0,56,0,Salaried,0
C1302,850,20000,160000,5100,78400,0,0,1,0,0,72,0,Business Owner,0
C1303,657,55052,642000,13600,289100,27500,2,3,6,3,42,0,Business Owner,1
C1304,478,49432,647000,13800,312900,13100,1,2,3,0,21,0,Self-Employed,0
C1305,850,33911,393000,13500,110800,0,0,0,1,0,29,0,Self-Employed,0
C1306,565,51667,735000,17200,350900,33300,2,3,0,0,7,1,Business Owner,0
C1307,580,20539,168000,5700,118300,5500,1,2,1,1,38,0,Freelance,1
C1308,717,80351,303000,7800,113000,0,0,0,0,0,52,1,Self-Employed,0
C1309,747,31781,116000,3400,50000,0,0,1,0,0,41,0,Self-Employed,0
C1310,746,56590,789000,25200,229500,0,0,0,1,0,47,0,Self-Employed,0
C1311,689,38640,437000,9400,82300,0,0,0,0,0,50,0,Self-Employed,1
C1312,716,121929,1318000,42400,655500,167800,4,8,3,2,51,2,Salaried,1
C1313,653,82240,360000,11700,197500,13200,1,1,1,1,43,0,Business Owner,1
C1314,758,39332,135000,4700,90300,0,0,0,0,0,36,0,Salaried,0
C1315,711,48431,259000,7700,158100,0,0,0,0,0,39,0,Salaried,0
C1316,656,77217,597000,16100,402900,16600,1,1,2,2,25,2,Business Owner,1
C1317,792,60725,853000,26700,588200,0,0,0,0,0,64,1,Self-Employed,0
C1318,498,22148,113000,3900,36200,7000,2,4,2,1,46,0,Freelance,1
C1319,554,54852,363000,8600,243300,0,0,0,0,0,55,0,Self-Employed,0
C1320,752,129156,1186000,24100,1069400,0,0,0,0,0,72,0,Self-Employed,0
C1321,798,208005,672000,16300,129400,0,0,0,1,1,18,0,Self-Employed,0
C1322,627,37573,427000,14800,320200,14500,1,4,6,1,67,0,Self-Employed,1
C1323,702,81089,1037000,25600,345200,0,0,0,0,0,68,0,Freelance,0
C1324,720,53411,617000,19700,539100,0,0,0,1,0,57,2,Salaried,0
C1325,615,20047,86000,2000,73600,4000,2,4,1,1,33,2,Freelance,1
C1326,654,37376,293000,9200,61100,0,0,0,0,0,50,1,Business Owner,0
C1327,796,69088,484000,14800,427400,61400,4,4,6,1,45,2,Self-Employed,1
C1328,683,45424,374000,10000,301000,0,0,1,1,0,42,0,Freelance,0
C1329,841,63785,405000,10100,169400,0,0,0,0,0,40,0,Business Owner,0
C1330,582,89074,705000,16500,658100,0,0,1,0,0,34,1,Freelance,0
C1331,738,103394,1030000,36000,383600,0,0,0,3,0,78,0,Self-Employed,1
C1332,552,49768,672000,15000,459100,13800,1,3,2,1,50,2,Self-Employed,0
C1333,586,21206,253000,5600,101500,10200,2,3,1,1,31,0,Business Owner,1
C1334,773,50393,594000,12600,188500,0,0,0,0,0,60,0,Freelance,0
C1335,719,57751,292000,7400,270400,0,0,0,0,0,5,0,Self-Employed,0
C1336,713,57400,279000,9000,98700,0,0,1,0,0,43,0,Business Owner,0
C1337,709,56382,675000,22600,142400,0,0,0,1,0,34,0,Freelance,0
C1338,630,33690,191000,5400,167100,0,0,0,0,0,37,0,Freelance,0
C1339,781,154328,1090000,33400,884200,0,0,0,0,0,23,0,Business Owner,0
C1340,580,54361,164000,5400,112700,12600,2,4,1,1,63,3,Freelance,1
C1341,788,71640,1004000,33400,826900,0,0,0,0,0,5,0,Freelance,0
C1342,661,68617,911000,30600,500700,89900,3,5,0,0,58,3,Self-Employed,1
C1343,632,108398,748000,24500,654000,0,0,0,1,0,46,0,Self-Employed,0
C1344,699,236676,1536000,37800,1209200,0,0,0,0,0,82,0,Self-Employed,0
C1345,752,49449,243000,7400,151900,0,0,0,1,1,60,0,Business Owner,0
C1346,624,56035,663000,13700,200500,0,0,0,2,1,57,0,Salaried,0
C1347,819,62131,209000,5100,133100,0,0,0,0,0,51,0,Freelance,0
C1348,583,28832,124000,3500,94400,0,0,0,0,0,73,0,Business Owner,0
C1349,623,55966,635000,19600,599900,0,0,0,0,0,32,0,Salaried,0
C1350,645,57393,622000,15200,471600,33100,2,3,0,0,35,3,Salaried,1
C1351,667,34154,241000,7700,115300,0,0,0,2,0,41,0,Business Owner,0
C1352,678,25776,282000,7700,192500,35100,4,7,0,0,14,1,Salaried,1
C1353,708,79197,442000,11100,365900,0,0,0,0,0,40,0,Self-Employed,0
C1354,666,40726,279000,9600,173500,0,0,0,0,0,23,0,Business Owner,0
C1355,806,69640,1026000,32900,380600,0,0,0,1,1,47,0,Freelance,0
C1356,776,40665,184000,5500,28100,6300,1,1,2,1,47,0,Self-Employed,0
C1357,714,44260,361000,12300,340500,0,0,0,1,0,39,0,Freelance,0
C1358,631,59064,374000,8700,169800,0,0,0,0,0,38,0,Salaried,0
C1359,621,45360,544000,17300,331500,76900,4,5,2,1,57,1,Self-Employed,1
C1360,816,72230,338000,8600,295600,0,0,0,0,0,9,0,Freelance,0
C1361,691,27626,103000,3400,27200,0,0,0,0,0,77,0,Business Owner,0
C1362,726,98711,1025000,32600,932000,0,0,0,0,0,66,0,Salaried,0
C1363,677,40565,560000,13100,98100,0,0,0,0,0,23,0,Freelance,0
C1364,811,28281,366000,11700,266200,0,0,0,0,0,83,0,Salaried,0
C1365,627,91574,472000,10900,75300,12700,1,2,2,0,45,0,Freelance,0
C1366,747,43861,269000,7000,149000,0,0,1,0,0,51,0,Business Owner,0
C1367,805,20000,163000,5000,135500,0,0,0,0,0,41,0,Self-Employed,0
C1368,745,55629,279000,8200,214200,27200,3,5,2,1,38,0,Freelance,1
C1369,674,33900,402000,9000,147700,10100,1,2,1,1,63,0,Salaried,1
C1370,678,77920,869000,19300,309600,0,0,0,0,0,41,0,Business Owner,0
C1371,533,31239,129000,3000,42400,0,0,0,0,0,47,0,Self-Employed,0
C1372,774,38063,261000,7000,189800,0,0,0,0,0,54,0,Salaried,0
C1373,674,25255,351000,8700,324400,40500,4,5,1,0,43,0,Business Owner,1
C1374,654,38872,208000,5900,176500,0,0,0,0,0,55,0,Salaried,0
C1375,616,27147,396000,9300,345000,0,0,0,0,0,37,0,Business Owner,0
C1376,677,74211,792000,15900,279200,18900,1,2,3,2,35,0,Self-Employed,1
C1377,696,62478,679000,19200,260900,0,0,0,0,0,40,0,Self-Employed,0
C1378,588,122930,953000,28900,707100,0,0,1,1,1,32,0,Salaried,0
C1379,733,68139,335000,8500,112700,0,0,0,0,0,13,0,Business Owner,0
C1380,702,95095,556000,11200,92700,0,0,0,1,0,47,0,Freelance,0
C1381,615,53237,702000,19800,622900,0,0,1,0,0,44,0,Self-Employed,0
C1382,752,30684,400000,12700,147700,0,0,0,0,0,57,0,Freelance,0
C1383,554,51558,565000,18100,229100,0,0,0,0,0,59,1,Freelance,0
C1384,518,102517,396000,10400,309900,0,0,1,0,0,42,1,Salaried,0
C1385,820,32201,148000,3700,29800,0,0,1,3,0,5,0,Salaried,0
C1386,608,89154,1014000,32700,351100,0,0,0,0,0,34,0,Salaried,0
C1387,751,42673,257000,6900,169900,0,0,0,0,0,43,0,Business Owner,0
C1388,818,107579,1521000,37000,567400,0,0,0,1,0,50,0,Self-Employed,0
C1389,786,52659,459000,14600,410400,0,0,0,0,0,8,0,Self-Employed,0
C1390,561,48884,248000,6900,153400,12800,2,6,2,1,47,0,Freelance,1
C1391,710,73798,543000,18700,469600,0,0,0,2,1,25,0,Salaried,0
C1392,554,50591,396000,10100,372200,0,0,0,1,0,43,0,Business Owner,0
C1393,720,21924,323000,8700,290700,0,0,0,0,0,28,2,Self-Employed,0
C1394,842,28686,116000,3200,103800,0,0,0,0,0,35,0,Business Owner,0
C1395,632,27652,262000,6400,97200,0,0,0,0,0,35,0,Salaried,0
C1396,613,56485,483000,16300,151700,0,0,0,1,0,33,0,Salaried,0
C1397,850,33777,320000,7100,166100,0,0,1,0,0,32,0,Self-Employed,0
C1398,676,40361,600000,18000,454700,37400,2,4,3,1,5,0,Freelance,1
C1399,686,57277,761000,21100,255200,43400,2,6,1,1,14,0,Freelance,1
C1400,677,35521,131000,4000,58600,9300,2,6,2,1,47,1,Salaried,1
C1401,625,69358,460000,9900,306200,10100,1,3,0,0,39,0,Salaried,0
C1402,738,67391,973000,31100,463200,0,0,0,0,0,35,0,Freelance,0
C1403,772,56764,295000,9900,163800,9800,1,2,0,0,31,0,Salaried,0
C1404,755,42536,301000,6900,124500,0,0,0,1,0,34,0,Self-Employed,0
C1405,730,38313,447000,10500,415700,0,0,0,0,0,40,0,Self-Employed,0
C1406,719,38741,268000,7100,205800,0,0,0,0,0,14,0,Business Owner,0
C1407,644,32468,184000,4800,103600,0,0,0,0,0,64,0,Freelance,0
C1408,720,57737,704000,14400,571600,0,0,0,2,0,34,0,Salaried,0
C1409,768,27733,357000,9400,310600,28000,3,5,3,0,45,0,Business Owner,1
C1410,638,36683,117000,3600,77800,11100,3,4,0,0,63,2,Self-Employed,1
C1411,720,112572,798000,24600,556000,0,0,0,1,1,39,0,Freelance,0
C1412,772,39024,319000,9600,126500,11300,1,5,0,0,30,0,Self-Employed,0
C1413,805,62262,913000,30300,223400,0,0,0,0,0,17,0,Salaried,0
C1414,675,42733,585000,16300,250400,18700,1,1,0,0,44,0,Business Owner,0
C1415,601,30448,383000,13300,164100,15500,1,5,2,1,23,0,Salaried,1
C1416,571,67001,550000,12700,467600,0,0,0,0,0,12,0,Salaried,0
C1417,635,77948,1158000,33700,956000,33900,1,3,1,1,37,0,Freelance,0
C1418,524,27785,160000,4700,111700,4700,1,5,0,0,62,0,Freelance,1
C1419,620,74225,394000,10100,182800,0,0,0,0,0,40,0,Salaried,0
C1420,727,48553,394000,10000,373700,0,0,0,0,0,5,0,Freelance,0
C1421,687,20000,74000,1700,67200,0,0,0,1,0,58,0,Business Owner,0
C1422,626,60376,427000,14600,235800,0,0,0,0,0,32,0,Business Owner,0
C1423,625,63048,830000,18200,147900,84700,5,5,3,1,72,2,Salaried,1
C1424,668,55798,328000,9600,212200,17300,2,5,2,2,32,1,Business Owner,0
C1425,554,75551,806000,23700,505800,50300,2,3,3,1,54,1,Salaried,1
C1426,791,115306,1608000,43100,531000,40500,1,2,0,0,50,0,Business Owner,0
C1427,609,53391,759000,19000,719500,0,0,0,0,0,53,0,Self-Employed,0
C1428,850,37991,539000,15600,450400,0,0,0,0,0,30,0,Salaried,0
C1429,687,43783,573000,17000,347100,0,0,0,0,0,51,0,Business Owner,0
C1430,643,59419,878000,27300,463500,0,0,0,0,0,83,1,Self-Employed,0
C1431,717,42108,416000,12100,118600,0,0,1,2,1,53,0,Salaried,0
C1432,587,41179,219000,5700,201400,0,0,0,1,0,5,0,Business Owner,0
C1433,850,150795,1831000,46500,1324600,0,0,1,0,0,70,0,Business Owner,0
C1434,692,30598,213000,5600,135900,0,0,0,1,0,55,0,Self-Employed,0
C1435,662,27786,333000,9000,93500,9700,1,1,1,1,57,0,Freelance,0
C1436,641,60720,633000,17500,249400,0,0,0,0,0,61,0,Freelance,0
C1437,668,46585,437000,13600,209700,0,0,0,0,0,17,0,Self-Employed,0
C1438,701,34903,334000,8800,90800,0,0,0,1,0,24,0,Self-Employed,0
C1439,731,89498,926000,27800,314300,0,0,0,0,0,62,0,Salaried,0
C1440,731,47495,245000,7400,149800,7100,1,2,3,3,55,0,Freelance,1
C1441,773,56187,425000,8800,306500,0,0,0,0,0,54,0,Salaried,0
C1442,742,70010,750000,25600,701900,0,0,0,1,0,41,0,Business Owner,0
C1443,737,36968,467000,16000,442700,0,0,0,0,0,61,0,Self-Employed,0
C1444,685,20033,196000,6700,71200,0,0,0,1,0,32,1,Salaried,0
C1445,721,25751,216000,4800,124300,4900,1,3,1,0,40,0,Self-Employed,0
C1446,755,35540,262000,5900,124000,0,0,0,0,0,60,0,Salaried,0
C1447,802,31831,318000,6800,211300,0,0,0,2,1,59,0,Business Owner,0
C1448,671,53317,324000,8200,271400,0,0,0,1,1,39,0,Business Owner,0
C1449,686,56759,642000,14900,554800,0,0,1,1,0,51,0,Freelance,0
C1450,574,82333,483000,13200,156000,0,0,1,2,0,47,0,Freelance,1
C1451,772,46091,395000,11800,66900,13300,1,2,2,1,37,0,Business Owner,0
C1452,733,90520,590000,16200,108300,16100,1,4,2,2,42,0,Salaried,1
C1453,745,55359,386000,12600,86800,25600,2,2,2,1,67,1,Self-Employed,1
C1454,690,53621,286000,8900,157700,0,0,0,0,0,104,1,Business Owner,0
C1455,521,20000,184000,5100,167500,0,0,0,0,0,64,0,Business Owner,1
C1456,613,20000,75000,2400,31900,0,0,0,0,0,44,1,Salaried,0
C1457,657,36844,331000,7500,173200,0,0,1,0,0,56,0,Business Owner,0
C1458,636,56796,596000,12900,211000,15400,1,3,1,0,50,0,Business Owner,0
C1459,519,20456,184000,5600,81700,0,0,0,0,0,17,0,Salaried,0
C1460,764,70399,835000,21000,792900,0,0,0,0,0,65,0,Business Owner,0
C1461,731,22510,144000,3100,100400,7000,2,4,5,3,47,0,Freelance,1
C1462,676,45247,575000,16200,90800,0,0,0,0,0,60,1,Freelance,0
C1463,632,50031,450000,9800,369100,19100,2,5,0,0,57,3,Freelance,1
C1464,606,23013,118000,3600,84500,4200,1,1,1,0,74,1,Freelance,1
C1465,594,96413,1424000,34900,221800,0,0,0,0,0,39,0,Business Owner,0
C1466,781,114879,1263000,29000,461000,0,0,0,1,0,30,0,Self-Employed,0
C1467,626,112379,1537000,53400,1054200,0,0,0,3,0,15,0,Freelance,0
C1468,690,36082,270000,7000,231600,0,0,0,0,0,13,0,Freelance,0
C1469,762,25931,177000,4700,34000,0,0,0,0,0,51,0,Business Owner,0
C1470,775,69769,689000,23000,256000,92500,4,5,1,0,53,3,Business Owner,1
C1471,524,66735,395000,12700,92800,26800,2,2,2,0,50,0,Salaried,0
C1472,746,64439,263000,6400,51600,0,0,1,0,0,39,0,Freelance,0
C1473,660,41027,127000,4400,79200,0,0,0,0,0,40,0,Salaried,0
C1474,732,75299,300000,6600,259200,0,0,1,0,0,56,0,Freelance,0
C1475,696,39055,349000,10200,297900,0,0,0,1,0,11,0,Self-Employed,0
C1476,707,22562,272000,6500,124200,18000,3,5,0,0,53,0,Business Owner,0
C1477,629,30280,269000,6900,184000,0,0,0,1,0,62,0,Business Owner,0
C1478,620,32092,241000,5900,85100,20600,3,3,0,0,47,1,Salaried,1
C1479,756,26189,236000,5900,191400,0,0,0,2,0,42,0,Salaried,0
C1480,716,52548,216000,4500,136800,0,0,0,0,0,31,0,Business Owner,0
C1481,844,53839,205000,4300,126900,0,0,0,2,0,32,0,Business Owner,0
C1482,748,46285,196000,4700,113700,0,0,0,2,0,78,0,Business Owner,0
C1483,728,162178,521000,11000,143200,11700,1,2,2,1,41,0,Freelance,1
C1484,670,33900,403000,9700,241800,9300,1,4,2,2,68,1,Freelance,0
C1485,760,73825,721000,22600,604100,0,0,0,0,0,39,0,Self-Employed,0
C1486,679,23539,326000,9500,272000,41400,4,5,1,1,37,0,Freelance,1
C1487,490,50924,341000,11100,306200,0,0,0,2,0,44,1,Business Owner,0
C1488,619,57744,273000,7400,248700,32100,4,4,2,0,80,2,Freelance,1
C1489,741,50726,594000,14200,530300,0,0,0,1,0,59,0,Salaried,0
C1490,583,32245,115000,3000,74600,0,0,1,1,0,42,0,Business Owner,0
C1491,723,20000,222000,6900,96700,0,0,1,1,0,29,0,Freelance,0
C1492,724,65163,582000,15800,357100,32900,2,2,2,1,57,0,Business Owner,1
C1493,780,70403,483000,13200,437900,0,0,0,1,1,57,0,Salaried,0
C1494,634,40987,332000,11300,182800,0,0,0,0,0,39,0,Salaried,0
C1495,738,20000,115000,2700,88800,0,0,0,1,1,57,0,Freelance,0
C1496,814,67921,231000,6600,66200,13300,2,3,3,1,98,0,Business Owner,1
C1497,735,29942,367000,8900,174900,8700,1,3,2,2,41,0,Self-Employed,1
C1498,756,56948,484000,14900,390300,41900,3,5,1,1,39,1,Salaried,1
C1499,669,50543,201000,4200,98200,14900,3,3,3,2,36,2,Self-Employed,1
C1500,759,27187,151000,3500,59500,0,0,1,1,0,10,0,Freelance,0
